             2.30014 0 0 0  1.87013e-05 -4.71428e-05 -1.03212e-05       0       0 180.013 -0.00163  0.00145  0.00051  0.00406336 -0.00343235 0.000527575 -0.000535202 -4.62776e-05  0.000272114 0 0 0 -0.340732 -0.105369  -9.80251 
             2.40015 0.000438235   0.0238991  -0.0176697   -0.0015122 -0.000468371  -0.00188472       0       0 180.013 -0.00163  0.00145  0.00051  0.00595606 -0.00748719 -0.00119604 -0.000535202 -4.62828e-05  0.000272117  4.31872e-09 -1.15657e-09  3.12528e-09 -0.340732 -0.105369  -9.80251 
             2.50015 -0.0633577  0.0437631 0.00150939 -0.00248147 -0.00336209  -0.0113848       0       0 180.013 -0.00163  0.00145  0.00051 0.00263524 -0.0158092 -0.0346009  -0.00052869 -4.79023e-05  0.000270075 1.03604e-06 1.55055e-06 6.13247e-06 -0.340733  -0.10537  -9.80251 
             2.60013 -0.0053661  0.0784617 -0.0668137 -0.00333186 -0.00201233 -0.00521252       0       0 180.013 -0.00163  0.00145  0.00051    0.0027732 -0.000392765  -0.00286748 -0.000684296 -0.000228344  0.000424065  0.00251534 -0.00364564 -0.00423047 -0.343257 -0.101946  -9.80246 
              2.7001 -0.0144157  0.0493061 -0.0820817 -0.00565785  0.00167817 -0.00545713       0       0 180.013 -0.00163  0.00145  0.00051  -0.0154703   0.0171737 -0.00222589 -0.000780255 -0.000231479  0.000378658   0.0073248  -0.0114804 -0.00428198  -0.347816 -0.0945045   -9.80238 
             2.80007  0.0256903  0.0709798 -0.0623571 -0.00535153  0.00429764 -0.00227859       0       0 180.013 -0.00163  0.00145  0.00051 -0.00202174   0.0129206   0.0078276 -0.000874963 -0.000247638   0.00041791  0.0030996 -0.0153625 -0.0103325  -0.344002 -0.0908878   -9.80254 
             2.90004 0.00484413  0.0470014 -0.0425725 -0.00686287  0.00542157 -0.00389499       0       0 180.013 -0.00163  0.00145  0.00051 -0.00426969    0.020867 0.000755906 -0.000828227 -0.000210593  0.000362451  0.00731086  -0.0127776 -0.00410059  -0.347793 -0.0932711   -9.80239 
                   3 0.0506814  0.070656   -0.0595 -0.00556643  0.00628789  0.00033095       0       0 180.013 -0.00163  0.00145  0.00051 0.00402666  0.0132791  0.0115779 -0.000922364 -0.000249356  0.000469837  0.00261593 -0.00925787  -0.0165882  -0.343754 -0.0967302    -9.8025 
             3.09997  0.0764999   0.080333 -0.0827485 -0.00331844  0.00597148  0.00347066       0       0 180.013 -0.00163  0.00145  0.00051  0.0105701 0.00799917  0.0194114 -0.000984636 -0.000284579  0.000465274 -0.00192237 -0.00545468  -0.0222175 -0.339642 -0.100388   -9.8026 
             3.19997  0.0644942  0.0467398 -0.0747325 -0.00317526  0.00405047  0.00190722       0       0 180.013 -0.00163  0.00145  0.00051  0.00802986 -0.00662101   0.0117113 -0.000997599 -0.000197744  0.000408737 0.000150342 0.000260743   -0.010468 -0.341223 -0.105684  -9.80249 
             3.29996  0.0793619  0.0714298 -0.0539846  -0.002818 0.00211704 0.00280979       0       0 180.013 -0.00163  0.00145  0.00051    0.010859 -0.00810193   0.0108346  -0.00104647 -0.000233812  0.000401283  0.00154565  0.00297645 -0.00967056 -0.342517 -0.108243  -9.80242 
             3.39997     0.109  0.125639 -0.138185 -0.00525111  0.00482776  0.00455059       0       0 180.013 -0.00163  0.00145  0.00051 0.00320188 0.00169885  0.0129942  -0.00103887 -0.000270478  0.000601519  0.00805651 -0.00317984  -0.0112407 -0.348706  -0.10243  -9.80226 
             3.49997   0.105874   0.113303 -0.0681445 -0.00557868  0.00421658  0.00451464       0       0 180.013 -0.00163  0.00145  0.00051  0.00194134 -0.00540479  0.00966463  -0.00103885 -0.000238018  0.000462734  0.00899905 -0.00204117 -0.00703373 -0.349465 -0.103452  -9.80223 
             3.59999  0.0903135   0.100513 -0.0963576 -0.00536528  0.00394477  0.00371148       0       0 180.013 -0.00163  0.00145  0.00051   0.0013793 -0.00464866  0.00511232  -0.00100587 -0.000212444  0.000452439  0.00892872  -0.0023536 -0.00305836 -0.349273 -0.103107  -9.80224 
             3.70001  0.0602974  0.0459952 -0.0736957 -0.00497429  0.00307666  0.00230527       0       0 180.013 -0.00163  0.00145  0.00051  0.00310709 -0.00804851 0.000258503 -0.000950565 -0.000115967  0.000423866  0.00851609 -0.00189336 0.000988735 -0.348761 -0.103487  -9.80225 
             3.80003  0.0508168  0.0846457 -0.0695895 -0.00576445  0.00295978 -0.00142055       0       0 180.013 -0.00163  0.00145  0.00051   0.0064668 -0.00401206 -0.00417424 -0.000934981 -0.000174159  0.000407726  0.00965657 -0.00181734  0.00821917 -0.349607 -0.103445  -9.80222 
             3.90006  0.0411581  0.0723479 -0.0654209 -0.00479365  0.00259527  -0.0018986       0       0 180.013 -0.00163  0.00145  0.00051  0.00824523 -0.00811558  -0.0120672 -0.000899744 -0.000169715  0.000443847  0.00936425 -0.00246026  0.00739259 -0.349355 -0.102857  -9.80224 
             4.00005  0.0274985  0.0360581 -0.0434136 -0.00370202  0.00366301 -0.00286941       0       0 180.013 -0.00163  0.00145  0.00051 0.000738533 0.000409807 -0.00905489 -0.000863102 -8.29184e-05  0.000374646  0.00834668 -0.00409447  0.00734691 -0.348396 -0.101333  -9.80229 
             4.10006  0.0319023  0.0598355 -0.0484915 -0.00489504  0.00357246 -0.00307736       0       0 180.013 -0.00163  0.00145  0.00051 0.00121773 0.00572059  -0.009072 -0.000864276 -0.000106668  0.000448539   0.0097717 -0.00358947  0.00608347  -0.34977 -0.101817  -9.80223 
             4.20006  0.0462679  0.0835951 -0.0681282 -0.00490744  0.00445186 -0.00184411       0       0 180.013 -0.00163  0.00145  0.00051  -0.00576166  -0.00115877 -0.000268712 -0.000880865 -0.000147251  0.000396166  0.00990438 -0.00423129  0.00304951 -0.349995 -0.101257  -9.80223 
             4.30005  0.0547761  0.0987792 -0.0394168 -0.00552346  0.00468814 -0.00152025       0       0 180.013 -0.00163  0.00145  0.00051  0.00468376  0.00285323 -0.00683028 -0.000887172 -0.000160408  0.000344942   0.0105136 -0.00467494  0.00209645 -0.350595 -0.100855  -9.80221 
             4.40005   0.069929 0.00256889 -0.0291583  -0.00417681   0.00597353 -0.000393773       0       0 180.013 -0.00163  0.00145  0.00051 0.00288638 0.00733754 0.00640944 -0.000911334  2.00852e-05  0.000319384  0.00946113 -0.00549818 0.000274227 -0.349682 -0.100109  -9.80225 
             4.50004 0.0631206 0.0724717 -0.036381 -0.00561367  0.00464936 0.000161823       0       0 180.013 -0.00163  0.00145  0.00051  -0.00178314  -0.00272723 -0.000664574 -0.000902418    -0.000114  0.000337829    0.0106896  -0.00408497 -0.000186512 -0.350832 -0.101426   -9.8022 
             4.60005  0.0560807  0.0701836 -0.0366666 -0.00519243  0.00417441 0.000546298       0       0 180.013 -0.00163  0.00145  0.00051   0.00382311   -0.0027342 -0.000106268 -0.000891645 -0.000104314  0.000315406    0.0103208  -0.00405684 -0.000436014   -0.3505 -0.101454  -9.80221 
             4.70003 0.0613287 0.0893839 -0.041429 -0.00566384  0.00501562 0.000482081       0       0 180.013 -0.00163  0.00145  0.00051  -0.00266698   0.00174434 -0.000657542 -0.000887779 -0.000143645  0.000322381    0.0109952  -0.00472382 -0.000215843 -0.351117  -0.10084   -9.8022 
             4.80002  0.0687816  0.0764037 -0.0873201  -0.0056135  0.00440383 0.000930961       0       0 180.013 -0.00163  0.00145  0.00051 -0.000114799  -0.00363486    0.0014821 -0.000895001 -0.000116522  0.000418304     0.010701  -0.00440341 -0.000551748 -0.350857 -0.101136   -9.8022 
             4.90001 0.0610784  0.035834 -0.082833 -0.00527604  0.00567703  -0.0001051       0       0 180.013 -0.00163  0.00145  0.00051  0.00253192  0.00442992 -0.00142098 -0.000873879 -5.12063e-05  0.000381468   0.0106566 -0.00531033 0.000523624 -0.350782 -0.100294  -9.80221 
             5.00002   0.12323  0.210494 -0.167538 -0.00387895  0.00707682  0.00344226       0       0 180.013 -0.00163  0.00145  0.00051  0.0065525 0.00697704 0.00848086 -0.000963884 -0.000334613  0.000527411   0.0099282 -0.00595329 -0.00283577   -0.35024 -0.0997411   -9.80224 
             5.10003    0.14034   0.288519 -0.0759182 -0.00420748  0.00491652   0.0131261       0       0 180.013 -0.00163  0.00145  0.00051   0.0107117 -0.00627299   0.0274245 -0.000996012 -0.000446566  0.000380508   0.0105874 -0.00467314  -0.0106319 -0.351115 -0.100992  -9.80219 
             5.20005  0.189031  0.194822 -0.123399 -0.00439924  0.00524991    0.014434       0       0 180.013 -0.00163  0.00145  0.00051  0.00373942 -0.00436176   0.0262201  -0.00106253 -0.000270117  0.000451263   0.0111756 -0.00527764 -0.00932241 -0.351605 -0.100421  -9.80218 
             5.30008  0.220043 0.0791591 -0.146254 -0.00632421  0.00444192   0.0112709       0       0 180.013 -0.00163  0.00145  0.00051 -0.00111143 -0.00831856    0.013221 -0.00110897 -8.4905e-05 0.000491892   0.0123805  -0.0051252 -0.00459128 -0.352587 -0.100468  -9.80215 
             5.40009    0.17305   0.127125 -0.0935768 -0.00477155  0.00433557   0.0126318       0       0 180.013 -0.00163  0.00145  0.00051    0.004184 -0.00704496   0.0124937  -0.00102931 -0.000169996  0.000396082   0.0116851 -0.00556433 -0.00468529 -0.351957 -0.100084  -9.80217 
              5.5001  0.197266  0.204668 -0.122065 -0.00519671  0.00599867   0.0126216       0       0 180.013 -0.00163  0.00145  0.00051  0.00161063 -0.00284579   0.0104262  -0.00106354 -0.000279872  0.000447271     0.01214 -0.00683257 -0.00365315  -0.352329 -0.0989116   -9.80217 
              5.6001  0.189249  0.186517 -0.111925 -0.00642047   0.0042773    0.014507       0       0 180.013 -0.00163  0.00145  0.00051  0.00441403 -0.00931237   0.0142486  -0.00104905 -0.000243562  0.000413829    0.013045 -0.00614811  -0.0042761  -0.353158 -0.0995287   -9.80214 
             5.70011  0.178609     0.211 -0.113723 -0.00623103  0.00271928    0.013582       0       0 180.013 -0.00163  0.00145  0.00051 -0.00029262   -0.010847  0.00726832  -0.00102709 -0.000262405  0.000420721   0.0130802 -0.00579508 -0.00272694  -0.353168 -0.0997917   -9.80213 
             5.80011  0.174174  0.193855 -0.110415 -0.00612838  0.00275349   0.0128814       0       0 180.013 -0.00163  0.00145  0.00051    0.013876 -0.00867483  0.00290203  -0.00100708 -0.000219635  0.000426347   0.0131747 -0.00639325 -0.00176489  -0.353231 -0.0992265   -9.80214 
             5.90012  0.163283  0.168618 -0.130317 -0.0036596 0.00180994  0.0114054       0       0 180.013 -0.00163  0.00145  0.00051  0.00927775  -0.0140337 -0.00367624 -0.000984192 -0.000210725  0.000418867    0.0126309  -0.00649223 -0.000533405  -0.352733 -0.0991011   -9.80215 
             6.00012  0.146496  0.090348 -0.068394 -0.00466081   0.0016962  0.00849982       0       0 180.013 -0.00163  0.00145  0.00051  -0.0050931 -0.00643915 -0.00702261 -0.000946615 -6.67174e-05  0.000393168   0.0132185 -0.00709391  0.00134425  -0.353221 -0.0984985   -9.80214 
             6.10011  0.138904  0.176474 -0.113796 -0.00543315  0.00262828  0.00670067       0       0 180.013 -0.00163  0.00145  0.00051   0.00513714 -0.000127899   -0.0102634 -0.000932674 -0.000180348  0.000434984   0.0136885 -0.00762364   0.0020384   -0.35362 -0.0980068   -9.80213 
             6.20012   0.125171   0.173464 -0.0272036 -0.00549616   0.0033592  0.00419316       0       0 180.013 -0.00163  0.00145  0.00051 -0.000156512  -0.00402756     -0.01384 -0.000901332  -0.00014208  0.000324105  0.0139818 -0.0081346 0.00291632   -0.35386 -0.0975315   -9.80213 
             6.30011  0.149079  0.187813 0.0171282 -0.00506194  0.00324107  0.00494151       0       0 180.013 -0.00163  0.00145  0.00051 4.22425e-07 -0.00321956  -0.0112088 -0.000933921 -0.000159675  0.000240199   0.0137352 -0.00828259  0.00162947  -0.353667 -0.0974408   -9.80214 
             6.40009 0.144513  0.18902 0.195371 -0.00505245   0.0066423  0.00466213       0       0 180.013 -0.00163  0.00145  0.00051 0.00768753 0.00623636 -0.0086675 -0.000914111 -0.000178464  1.10312e-05   0.0139338 -0.00985434  0.00124859  -0.353862 -0.0960942   -9.80214 
             6.50013 0.145467 0.193258 0.133643 -0.0029226  0.0101269 0.00472496       0       0 180.013 -0.00163  0.00145  0.00051   0.0108987   0.0169556 -0.00710729  -0.00090975 -0.000191156  0.000102007   0.0133181  -0.0110663 0.000759727  -0.353377 -0.0950461   -9.80217 
             6.60013 0.135325 0.159649  0.16654 0.00173446  0.0120879 0.00350106       0       0 180.013 -0.00163  0.00145  0.00051  0.0162049  0.0146794 -0.0083126 -0.000894717 -0.000142125  2.69718e-05   0.0118515  -0.0109297 0.000947578  -0.352113 -0.0950838   -9.80222 
             6.70006 0.0969272  0.149244  0.535919  -0.0014558   0.0172323 0.000831741       0       0 180.013 -0.00163  0.00145  0.00051 0.00657182  0.0263529 -0.0126779 -0.000823652 -0.000128494 -0.000498413  0.0137991 -0.0125124 0.00196691  -0.353872 -0.0938661   -9.80217 
             6.80011 0.119514 0.160972 0.900174 -0.000427215    0.0159651   0.00261099       0       0 180.013 -0.00163  0.00145  0.00051  0.00599246   0.0180836 -0.00600256 -0.000867481 -0.000162214  -0.00106234   0.0137741  -0.0108796 0.000308267 -0.353697 -0.095266  -9.80216 
             6.90022 0.155054 0.221772  0.67008 -0.00513613   0.0140202  0.00460808       0       0 180.013 -0.00163  0.00145  0.00051 -0.00811633 -0.00375534 -0.00383514 -0.000920605 -0.000232994 -0.000695738   0.0159519  -0.0098832 -0.00102799  -0.355341 -0.0964952   -9.80209 
             7.00027 0.127421 0.200678 0.667284 -0.00871663   0.0107218  0.00435217       0       0 180.013 -0.00163  0.00145  0.00051  -0.0137807 -0.00171134 -0.00263595 -0.000885065 -0.000210398 -0.000694973    0.0172904   -0.0087915 -0.000932313  -0.356158 -0.0976996   -9.80205 
             7.10033 0.121172   0.2024 0.436209 -0.0100713 0.00807612 0.00361415       0       0 180.013 -0.00163  0.00145  0.00051  -0.0172089  -0.0136783 -0.00336433 -0.000881685 -0.000203397 -0.000373253   0.0173544  -0.0079325 -0.00061061 -0.355953  -0.09839  -9.80205 
             7.20033 0.104805 0.165377 0.119727 -0.0100645 0.00328049 0.00523048       0       0 180.013 -0.00163  0.00145  0.00051 -0.00880372  -0.0140479  -0.0252654 -0.000860734 -0.000153736  9.21967e-05   0.0171847 -0.00647351 -0.00154744  -0.355396 -0.0994867   -9.80205 
             7.30024   0.164722  0.0919501 -0.0993461  -0.00688236 -0.000987254   0.00674025       0       0 180.013 -0.00163  0.00145  0.00051 -0.00107121  -0.0276092 -0.00487601 -0.000960071 -2.82824e-05  0.000373183    0.015901  -0.0056145 -0.00234094  -0.354169 -0.0998207    -9.8021 
             7.40021  0.111326  0.152525 -0.337625 -0.00188088 -0.00360893  0.00650272       0       0 180.013 -0.00163  0.00145  0.00051   0.0240043   -0.030518 -0.00572558 -0.000873615 -0.000134607  0.000700567   0.0142318 -0.00535395  -0.0021727  -0.352783 -0.0997225   -9.80215 
             7.50022 0.0810545 0.0871813 -0.741502  0.00429719 -0.00597402  0.00720272       0       0 180.013 -0.00163  0.00145  0.00051    0.025296  -0.0225299 -0.00898531 -0.00083494 -5.5851e-05  0.00127877   0.0129837 -0.00552274 -0.00260603  -0.351803 -0.0994727   -9.80218 
             7.60011 0.0757484    0.1619  -0.98349   0.0148393 -0.00774925  0.00820051       0       0 180.013 -0.00163  0.00145  0.00051   0.042543 -0.0230927 -0.0127562 -0.000815525 -0.000219878   0.00158524   0.0107171 -0.00608436 -0.00286018 -0.349964 -0.099103  -9.80225 
             7.70004  0.104013 0.0763496 -0.971374    0.027576 -0.00990114  0.00890422       0       0 180.013 -0.00163  0.00145  0.00051   0.0808208   -0.024029 -0.00607078 -0.000852466 -6.50981e-05   0.00153831  0.00778912 -0.00636717 -0.00311197  -0.347614 -0.0994464   -9.80233 
             7.80005   0.11372 0.0882008  -1.19947  0.0520112 -0.0157482 0.00805897       0       0 180.013 -0.00163  0.00145  0.00051    0.118923  -0.0351287 -0.00110973 -0.000867544 -0.000102187   0.00185758  0.00326761 -0.00638632  -0.0026524 -0.344172 -0.100766  -9.80244 
             7.90005    0.1185 0.0711884  -1.37293  0.0837376 -0.0244576  0.0086825       0       0 180.013 -0.00163  0.00145  0.00051    0.18226 -0.0542455 0.00190141 -0.000879309 -0.000106267   0.00206912  -0.0031688 -0.00640824  -0.0030258 -0.339626 -0.103336  -9.80257 
             8.00006   0.0871446 -0.00906564    -1.53644  0.123347 -0.036246 0.0103175       0       0 180.013 -0.00163  0.00145  0.00051   0.247907 -0.0708824 0.00602246 -0.000845352 -3.99677e-05   0.00227047  -0.0101993 -0.00643494 -0.00375128 -0.334981 -0.106637   -9.8027 
             8.10006  0.0926196 -0.0391478   -1.61736    0.17017 -0.0487697  0.0127876       0       0 180.013 -0.00163  0.00145  0.00051    0.30334 -0.0850455 0.00863157 -0.000856715 -2.24421e-05   0.00240059  -0.0172131  -0.0072225 -0.00467919 -0.330284 -0.109906  -9.80282 
             8.20005   0.115313 -0.0262464   -1.61568   0.219067 -0.0598911  0.0142872       0       0 180.013 -0.00163  0.00145  0.00051   0.362186 -0.0863947  0.0113329 -0.000879584 -7.23291e-05   0.00244047  -0.0228809 -0.00862142 -0.00498862 -0.326283 -0.112453  -9.80293 
             8.30007  0.0991226 -0.0769387   -1.50155   0.262299 -0.0652511  0.0149471       0       0 180.013 -0.00163  0.00145  0.00051   0.406698 -0.0873599  0.0106088  -0.00084069 -2.69796e-05   0.00240396 -0.0268423 -0.0111277 -0.0050074 -0.322658 -0.113616  -9.80303 
             8.40012   0.137264 -0.0829905   -1.47339  0.315306 -0.071136  0.013575       0       0 180.013 -0.00163  0.00145  0.00051   0.456718 -0.0915686 0.00451474 -0.000875248 -3.35892e-05   0.00260244  -0.0298242  -0.0137807 -0.00414696 -0.319446 -0.114175  -9.80313 
             8.50024  0.128123 -0.123663  -1.50701   0.379063  -0.077325 0.00695911       0       0 180.013 -0.00163  0.00145  0.00051    0.489681  -0.0749078 -0.00998701 -0.000861938  8.05269e-06   0.00266262  -0.0316376  -0.0160681 -0.00152406 -0.316994 -0.114148  -9.80321 
             8.60037   0.118286 -0.0955458   -1.69326   0.421708 -0.0818049 0.00146551       0       0 180.013 -0.00163  0.00145  0.00051   0.494687 -0.0813883 -0.0201064 -0.000841224 -2.69458e-05   0.00302601  -0.0320943  -0.0169198 0.000298847 -0.316157  -0.11397  -9.80324 
             8.70045   0.126382 -0.0559712   -1.95098    0.485233  -0.0913453 0.000773403       0       0 180.013 -0.00163  0.00145  0.00051     0.4971 -0.0897147 -0.0168393 -0.000833124 -8.92461e-05   0.00386529   -0.0324808   -0.0175727 -0.000376827 -0.315587 -0.113905  -9.80326 
             8.80045   0.115547 0.00601193    -2.1583    0.543513   -0.094277 -0.00465509       0       0 180.013 -0.00163  0.00145  0.00051   0.554752 -0.0681785 -0.0256875 -0.000809753  -0.00018253   0.00439721  -0.0336994   -0.019841 0.000871386 -0.313517 -0.113539  -9.80333 
             8.90043  0.15516 0.113002 -2.44206    0.604519  -0.0944739 -0.00493634       0       0 180.013 -0.00163  0.00145  0.00051   0.583547 -0.0534237 -0.0210625 -0.000862621 -0.000323706   0.00446278   -0.0340117   -0.0220324 -2.43035e-05 -0.311986 -0.112789  -9.80339 
             9.00037 0.125299 0.193723 -2.52702    0.660737    -0.09716 -0.00611324       0       0 180.013 -0.00163  0.00145  0.00051   0.580066 -0.0619078 -0.0189217 -0.000833078 -0.000413423   0.00437285   -0.0330389   -0.0225644 -0.000359109 -0.312005 -0.111914   -9.8034 
             9.10029 0.122786 0.239317 -2.65832    0.720071   -0.100986 -0.00299778       0       0 180.013 -0.00163  0.00145  0.00051     0.6096 -0.0608401 -0.0104002 -0.000843289 -0.000469441       0.0041  -0.0328033  -0.0234633 -0.00209402 -0.311454 -0.111533  -9.80342 
             9.20017 0.0289848  0.209901   -2.6417     0.78123   -0.103666 -0.00315574       0       0 180.013 -0.00163  0.00145  0.00051    0.629501  -0.0396327 -0.00773656  -0.00073208 -0.000431619   0.00359982  -0.0322171  -0.0239945 -0.00238993 -0.311179  -0.11097  -9.80343 
             9.30001 0.0543262  0.331905  -2.33143    0.835603  -0.0990989 -0.00571673       0       0 180.013 -0.00163  0.00145  0.00051   0.645315 -0.0186363  -0.012865 -0.000756952 -0.000582506   0.00298559   -0.029584  -0.0250093 -0.00185246 -0.310792 -0.108651  -9.80347 
             9.39984 0.094157 0.393622 -1.64471    0.901514  -0.0963531 -0.00697552       0       0 180.013 -0.00163  0.00145  0.00051   0.683922 -0.0176106 -0.0138959 -0.000802735 -0.000662634   0.00176527  -0.0274049  -0.0252918 -0.00193682  -0.31084 -0.106833  -9.80349 
              9.4996  0.175237  0.493441 -0.462743    0.968536  -0.0941226 -0.00627738       0       0 180.013 -0.00163  0.00145  0.00051   0.741576 -0.0217778 -0.0112928 -0.000908934 -0.000786946 -0.000379242  -0.0254171  -0.0255056 -0.00265697 -0.310921 -0.105247  -9.80351 
             9.59928 0.280648 0.543913  1.92147     1.02853  -0.0891186 -0.00833461       0       0 180.013 -0.00163  0.00145  0.00051   0.778361 -0.0171653 -0.0159594 -0.00100191 -0.00084003 -0.00346074  -0.0200337  -0.0243287 -0.00234694 -0.313104 -0.101432  -9.80348 
             9.69897 0.387338 0.567833  4.96035    1.08699 -0.0788288 -0.0111457       0       0 180.013 -0.00163  0.00145  0.00051   0.793038 0.00416162 -0.0179583  -0.00109814 -0.000878846  -0.00736743 -0.0133857 -0.0248138 -0.0018669  -0.315948 -0.0974556   -9.80343 
             9.79884 0.513211 0.575761  8.44381     1.13818  -0.0563101 -0.00913052       0       0 180.013 -0.00163  0.00145  0.00051   0.776561  0.0640035 -0.0109858  -0.00119577 -0.000916248   -0.0119971 -0.00551349  -0.0299125 -0.00287077  -0.320958 -0.0943912   -9.80329 
             9.89894 0.664641 0.670411  11.8457    1.18952 -0.0236953 -0.0164054       0       0 180.013 -0.00163  0.00145  0.00051    0.75662   0.139515 -0.0227751 -0.00134733 -0.00106972  -0.0163564    -0.001255   -0.0402161 -0.000623808  -0.329433 -0.0952356     -9.803 
             9.99915 0.739845 0.729337  15.3537     1.24413 -0.00184889  -0.0296831       0       0 180.013 -0.00163  0.00145  0.00051   0.743605   0.173926 -0.0454598 -0.00143413 -0.00122212   -0.020756 0.00231798 -0.0498695 0.00310749 -0.335638 -0.102484  -9.80272 
             10.0994 0.851651 0.823675  19.4988   1.30636  0.022183 -0.042184       0       0 180.013 -0.00163  0.00145  0.00051    0.74901    0.21744 -0.0677253  -0.0015209 -0.00147189  -0.0257418 0.00315136 -0.0580936 0.00575849 -0.340218 -0.108952  -9.80249 
             10.1996 0.902886  0.82477  23.0922    1.34294  0.0381784 -0.0463045       0       0 180.013 -0.00163  0.00145  0.00051   0.666034    0.21518 -0.0646646 -0.00154901  -0.0015652  -0.0298468  0.0152532 -0.0859808 0.00591357 -0.342541 -0.138178  -9.80204 
             10.2997 0.911726 0.728516  26.7594    1.36939  0.0524074 -0.0506641       0       0 180.013 -0.00163  0.00145  0.00051   0.582363   0.232096 -0.0690149 -0.00148515 -0.00156967  -0.0339352  0.0297398  -0.123304 0.00631123 -0.342595 -0.177197  -9.80141 
             10.3998  1.01389 0.875653  29.7192    1.39582  0.0605284 -0.0634088       0       0 180.013 -0.00163  0.00145  0.00051   0.513585   0.206228 -0.0838584 -0.00155156 -0.00179104  -0.0371805   0.049899  -0.159809 0.00887668 -0.333884 -0.217275  -9.80091 
             10.4997 1.17157 0.79895 32.0716    1.45465  0.0525575 -0.0632486       0       0 180.013 -0.00163  0.00145  0.00051   0.553491   0.154598 -0.0640683 -0.00169261 -0.00177001  -0.0398413  0.0892219  -0.153188 0.00547541 -0.294428 -0.219944  -9.80211 
             10.5997 0.831434 0.834155  31.8892    1.55008  0.0325326 -0.0710873       0       0 180.013 -0.00163  0.00145  0.00051   0.670766  0.0896419 -0.0690923 -0.00129826 -0.00189278   -0.039632   0.149216 -0.0994909 0.00305523 -0.225974  -0.17965  -9.80475 
             10.6997   1.1328 0.999093  32.8264   1.60999 0.0174067   -0.0786       0       0 180.013 -0.00163  0.00145  0.00051   0.679831  0.0442269 -0.0773864  -0.0016521 -0.00203615  -0.0407682   0.183483  -0.117466 0.00265606 -0.195819 -0.203147  -9.80494 
                10.8 1.10628 1.05127  34.108     1.68762 -0.00351707  -0.0978013       0       0 180.013 -0.00163  0.00145  0.00051   0.717132 -0.0240942  -0.108699 -0.00159927 -0.00202985  -0.0421574   0.226824  -0.106203 0.00456636 -0.152086 -0.198948   -9.8058 
             10.9006 1.18481 1.17541   35.54     1.7605 -0.0301638  -0.110122       0       0 180.013 -0.00163  0.00145  0.00051   0.739893 -0.0837816  -0.118626 -0.00165858 -0.00212672  -0.0437608  0.265955 -0.112156 0.0041613 -0.114861 -0.210415  -9.80607 
             11.0009 1.31327 1.45286 37.2349     1.8246 -0.0611827   -0.13108       0       0 180.013 -0.00163  0.00145  0.00051  0.746943 -0.144754 -0.129575 -0.00180909 -0.00234976  -0.0455803   0.301301  -0.127981 0.00645964 -0.0826358  -0.230721   -9.80594 
             11.1009 1.30679 1.47813 38.4279   1.89603 -0.106658 -0.123329       0       0 180.013 -0.00163  0.00145  0.00051   0.740449  -0.226454 -0.0981483 -0.00180372 -0.00232487  -0.0467306     0.348801    -0.146462 -7.67567e-05 -0.0383512   -0.25452   -9.80562 
              11.201 1.21287 1.80428 40.2287   1.96425 -0.156674   -0.1156       0       0 180.013 -0.00163  0.00145  0.00051   0.733903  -0.301473 -0.0568747 -0.00174872 -0.00269391  -0.0483512    0.390689   -0.166505 -0.00533085 0.000458811   -0.278772    -9.80504 
             11.3009 1.43809 1.97564 41.9544   2.01646 -0.189949  -0.12428       0       0 180.013 -0.00163  0.00145  0.00051   0.665303  -0.326133 -0.0579701 -0.00194082 -0.00280339  -0.0494806    0.379873   -0.202497 -0.00355423 -0.0141346  -0.313029   -9.80399 
             11.4008  1.5118 1.68808 43.8543   2.05239 -0.229569 -0.126403       0       0 180.013 -0.00163  0.00145  0.00051   0.538008  -0.365144 -0.0574876 -0.00186316 -0.00236753  -0.0503492    0.375349   -0.248504 -0.00358957 -0.0231678  -0.357742   -9.80245 
             11.5007 1.77231 1.31606 46.9794   2.07974 -0.257411 -0.132179       0       0 180.013 -0.00163  0.00145  0.00051   0.423436  -0.385069 -0.0578294 -0.00197035 -0.00190729  -0.0517634    0.357006   -0.271933 -0.00212616 -0.0433193  -0.379245   -9.80157 
             11.6004 1.93978 1.23975 50.9896   2.09121 -0.275595 -0.133097       0       0 180.013 -0.00163  0.00145  0.00051   0.269753  -0.368654 -0.0326738 -0.00194595 -0.00190148   -0.053534    0.302927   -0.305627 -0.00110816 -0.0991475  -0.408113       -9.8 
             11.7001   2.1061 0.919345  56.7524   2.07119 -0.269809 -0.132285       0       0 180.013 -0.00163  0.00145  0.00051  0.0478437  -0.265934 -0.0227528 -0.00185583 -0.00171194  -0.0557735   0.192618   -0.35141 0.00119226  -0.21065 -0.446059  -9.79659 
             11.7999  2.31039 0.597642   64.103   2.02627 -0.245447 -0.130132       0       0 180.013 -0.00163  0.00145  0.00051  -0.176209  -0.141213 -0.0102992 -0.00178543 -0.00157732  -0.0583788  0.0716414  -0.393968 0.00370282 -0.331714  -0.48249  -9.79151 
             11.8998  2.44575 0.324624  70.9393   1.97893 -0.212762 -0.120228       0       0 180.013 -0.00163  0.00145  0.00051 -0.346767 -0.035962 0.0240519 -0.00172805 -0.00152077  -0.0609864 -0.0297578  -0.405357 0.00324662 -0.431653 -0.491043  -9.78719 
                  12  2.59751 0.174585   78.066    1.9161 -0.186534 -0.101776       0       0 180.013 -0.00163  0.00145  0.00051 -0.510393  0.055013 0.0634398 -0.00171281 -0.00167173   -0.063528   -0.103097   -0.422618 0.000566496 -0.503753 -0.507632  -9.78289 
             12.1005    2.7539 -0.158057   85.2869    1.85569  -0.156876 -0.0885915       0       0 180.013 -0.00163  0.00145  0.00051 -0.633086  0.110124 0.0812729  -0.0017354 -0.00170744  -0.0654991    -0.149467    -0.407051 -0.000626137 -0.549499 -0.492964  -9.78118 
              12.201   2.9132 -0.52402  91.8334    1.78879  -0.125251 -0.0891289       0       0 180.013 -0.00163  0.00145  0.00051 -0.746725  0.142793 0.0699827  -0.0017272 -0.00166502  -0.0660981  -0.179214  -0.376875 0.00224528 -0.579808 -0.464189  -9.78084 
             12.3016   3.02218 -0.780491   97.6659    1.72654 -0.0916817 -0.0883004       0       0 180.013 -0.00163  0.00145  0.00051 -0.818672  0.179936 0.0688835 -0.00170615 -0.00176971  -0.0652653  -0.182584  -0.326226 0.00327874 -0.585455 -0.414378  -9.78274 
             12.4022   3.02845 -0.974776   103.241     1.6449 -0.0459429 -0.0832847       0       0 180.013 -0.00163  0.00145  0.00051 -0.940089     0.219 0.0612312 -0.00158209 -0.00189897  -0.0633516   -0.21231   -0.28039 0.00353126 -0.617236 -0.370996  -9.78253 
             12.5026  3.05921 -1.30589  110.817    1.54792  0.0483067 -0.0776518       0       0 180.013 -0.00163  0.00145  0.00051  -1.06467  0.405275 0.0689166 -0.00153621 -0.00194729  -0.0628478  -0.300579  -0.183886 0.00411445 -0.710228 -0.282277  -9.77918 
             12.6028  3.04831 -1.77277  118.579     1.4576   0.146285 -0.0829855       0       0 180.013 -0.00163  0.00145  0.00051 -1.10892  0.54826 0.045644 -0.00147869 -0.00185185   -0.062274  -0.339239 -0.0871328 0.00668734 -0.755138 -0.190243  -9.77804 
             12.7028  2.82522 -2.42869  127.296     1.3224    0.24829 -0.0845529       0       0 180.013 -0.00163  0.00145  0.00051  -1.27432  0.684605 0.0397436 -0.00122189 -0.00160359  -0.0626217  -0.414026 -0.0390206 0.00981983 -0.832181 -0.149376  -9.77249 
             12.8027   2.8132 -2.55449  134.024    1.15278   0.357734 -0.0781502       0       0 180.013 -0.00163  0.00145  0.00051  -1.49359  0.785743 0.0419309 -0.00126725 -0.00178539   -0.061445  -0.502416 -0.0116126  0.0112336 -0.920926 -0.131082  -9.76479 
             12.9023  2.60936 -2.90421  139.212   0.964276   0.453975 -0.0705176       0       0 180.013 -0.00163  0.00145  0.00051  -1.68567  0.812319 0.0708422 -0.0011372 -0.0016531 -0.0597552    -0.56732 -0.00946692   0.0126157  -0.98425 -0.136191  -9.75854 
             13.0018   2.4654 -3.36275  146.231   0.775808   0.560338 -0.0700059       0       0 180.013 -0.00163  0.00145  0.00051  -1.82098   0.87197 0.0573138 -0.00115661 -0.00146464   -0.059924 -0.605351 0.0155817 0.0151965  -1.02415 -0.116572  -9.75469 
             13.1011  1.96316 -3.69832  154.006   0.555755   0.670625 -0.0613571       0       0 180.013 -0.00163  0.00145  0.00051  -2.01522  0.916624 0.0622669 -0.000863418  -0.00140136   -0.0604402 -0.658768 0.0308455 0.0160597 -1.07777  -0.1091   -9.749 
             13.2004  1.43297 -4.04391  161.657   0.354291   0.768426 -0.0551441       0       0 180.013 -0.00163  0.00145  0.00051  -2.10032  0.919457 0.0835204 -0.000616628  -0.00127804    -0.060968 -0.657279 0.0410947 0.0160599   -1.07787 -0.0989367    -9.7491 
             13.2998  1.01866 -4.25518  168.034   0.157784   0.849922 -0.0442415       0       0 180.013 -0.00163  0.00145  0.00051  -2.14058  0.850791 0.0882124 -0.000458949  -0.00120049   -0.0603829 -0.636295 0.0355612 0.0142769  -1.05689 -0.100745  -9.75138 
             13.3994 0.722578 -4.42166   174.19 -0.0393032   0.918236 -0.0363532       0       0 180.013 -0.00163  0.00145  0.00051  -2.14332  0.775517 0.0831258 -0.000400954  -0.00107052   -0.0595275 -0.612392 0.0223797 0.0137065  -1.03171 -0.108982  -9.75398 
             13.4993 0.277761 -4.64879  179.746  -0.258436   0.961256 -0.0233172       0       0 180.013 -0.00163  0.00145  0.00051 -2.21639 0.617362 0.103879 -0.000204558  -0.00085198   -0.0579857   -0.614613 -0.00979067    0.013251  -1.02734 -0.140218  -9.75404 
             13.5994 -0.0931605   -4.90513   -174.912  -0.469983   0.984908 -0.0192249       0       0 180.013 -0.00163  0.00145  0.00051 -2.22277 0.457754 0.091662 -0.000175829 -0.000639799    -0.056131  -0.603613 -0.0445487  0.0151036  -1.00923 -0.170818  -9.75545 
             13.6996 -0.593427  -5.16256  -169.374  -0.668205    1.00168 -0.0115839       0       0 180.013 -0.00163  0.00145  0.00051  -2.14291   0.32022 0.0792545 -8.71176e-05 -0.000491165   -0.0537656  -0.581254 -0.0695229  0.0147105 -0.982312 -0.188973  -9.75786 
                13.8 -0.907828  -5.12872  -163.292   -0.840222      1.0318 -0.00676247       0       0 180.013 -0.00163  0.00145  0.00051  -2.03046  0.272531 0.0729874 -7.48762e-05 -0.000652927   -0.0515616  -0.540543 -0.0740678  0.0135654 -0.943375 -0.182612  -9.76182 
             13.9005  -1.3673 -5.25537 -157.004    -1.02316     1.06336 -0.00691735       0       0 180.013 -0.00163  0.00145  0.00051 -1.98117 0.242207 0.049678  9.89495e-05 -0.000434413   -0.0498867   -0.52029 -0.0732294  0.0144104  -0.92495 -0.176197   -9.7637 
             14.0009 -1.81688 -5.44024 -151.295    -1.1931    1.08412 -0.0204348       0       0 180.013 -0.00163  0.00145  0.00051  -1.88672  0.222761 0.0111682   0.00019607 -0.000174195   -0.0484607  -0.499178 -0.0812847  0.0182104 -0.903299 -0.177388  -9.76571 
             14.1012 -2.47211 -5.75373 -146.313   -1.36709    1.12276 -0.0222006       0       0 180.013 -0.00163  0.00145  0.00051    -1.85625    0.258554 -0.00280472 0.000596828 0.000142443   -0.046706  -0.483725 -0.0732497  0.0179867 -0.891848 -0.165151  -9.76698 
             14.2014 -3.08692  -6.2694 -142.901   -1.53805    1.16852 -0.0238123       0       0 180.013 -0.00163  0.00145  0.00051    -1.84348    0.297561 -0.00123082 0.000972095 0.000572122  -0.0447821 -0.467626 -0.065176 0.0174743 -0.880158 -0.152436  -9.76824 
             14.3015 -3.61224 -6.76773 -140.908   -1.70124    1.20434 -0.0238649       0       0 180.013 -0.00163  0.00145  0.00051     -1.78996      0.30386 -0.000919399 0.00142449 0.00114047 -0.0418161  -0.453786 -0.0676199  0.0165563 -0.867073 -0.149694  -9.76946 
             14.4015  -3.6134 -7.22272 -140.187   -1.84669       1.23 -0.0282035       0       0 180.013 -0.00163  0.00145  0.00051   -1.72356   0.286289 -0.0130135 0.00135348 0.00157511 -0.0389448 -0.435724 -0.080703 0.0162507 -0.846453 -0.154505  -9.77119 
             14.5014 -3.39341 -7.45655 -140.628   -1.96192    1.22341 -0.0301814       0       0 180.013 -0.00163  0.00145  0.00051    -1.58344    0.176604 -0.00664376 0.00108551 0.00177326 -0.0360275 -0.416352 -0.118523 0.0147718 -0.815105  -0.17996  -9.77342 
             14.6011 -3.25429 -7.58801 -141.318   -2.04421    1.18871 -0.0306638       0       0 180.013 -0.00163  0.00145  0.00051    -1.38395   0.0111792 -0.00158951  0.0009456 0.00191363 -0.0338497 -0.393179 -0.171809 0.0124164 -0.774197 -0.216814    -9.776 
             14.7008 -2.93878 -7.70459 -142.189   -2.11133    1.12664 -0.0329786       0       0 180.013 -0.00163  0.00145  0.00051  -1.17542 -0.214814 -0.012849 0.000587039  0.00202992  -0.0325485 -0.376071 -0.229109 0.0110422 -0.736826 -0.259211  -9.77785 
             14.8006 -2.78088 -7.73493 -143.125   -2.16109    1.05091 -0.0274232       0       0 180.013 -0.00163  0.00145  0.00051 -0.952145  -0.41952 0.0132148 0.000332529  0.00204417  -0.0322453  -0.359761  -0.278784 0.00769319 -0.703085 -0.295226  -9.77931 
             14.9004 -2.61972 -7.80457 -143.636    -2.2014   0.978605 -0.0223182       0       0 180.013 -0.00163  0.00145  0.00051 -0.769642 -0.552761 0.0149161 2.39548e-05  0.00200751  -0.0326452  -0.341614  -0.310137 0.00481089 -0.675217 -0.314913  -9.78066 
             15.0003 -2.55199 -7.81092 -143.986   -2.22979   0.904525 -0.0175965       0       0 180.013 -0.00163  0.00145  0.00051 -0.608909 -0.677175  0.029464 -0.000242853   0.00188885   -0.0332686  -0.323122  -0.331595 0.00226331 -0.651114 -0.326157  -9.78193 
             15.1003 -2.43784 -7.61126 -143.894    -2.25951    0.841386 -0.00697309       0       0 180.013 -0.00163  0.00145  0.00051 -0.496247 -0.712719 0.0352073 -0.000395268   0.00160684   -0.0339698   -0.307801   -0.336436 -0.00132104 -0.636072 -0.324525  -9.78297 
             15.2004  -2.4272 -7.72846 -143.922   -2.28782   0.786286 0.00422512       0       0 180.013 -0.00163  0.00145  0.00051 -0.413834 -0.707832 0.0596492 -0.000340278   0.00161202   -0.0341002    -0.29438   -0.332854 -0.00431323 -0.625846 -0.316514   -9.7839 
             15.3005 -2.47836 -7.74403 -144.141  -2.32106  0.740082 0.0113495       0       0 180.013 -0.00163  0.00145  0.00051 -0.372474 -0.685386 0.0684202 -0.000156966   0.00150678   -0.0337715    -0.28458   -0.322036 -0.00529243 -0.621478 -0.303754  -9.78458 
             15.4008 -2.39964 -8.03863 -144.546  -2.36386  0.701582 0.0208087       0       0 180.013 -0.00163  0.00145  0.00051 -0.377571 -0.629139  0.072958 -5.73669e-05   0.00159438   -0.0331571   -0.279931   -0.306287 -0.00631009 -0.623238 -0.288745  -9.78492 
             15.5011 -2.22365 -8.10015 -145.581  -2.40916  0.672976 0.0298953       0       0 180.013 -0.00163  0.00145  0.00051 -0.381646 -0.548088 0.0781941  7.962e-06 0.00150928 -0.0319089    -0.27538   -0.288951 -0.00698821 -0.625656 -0.272506  -9.78523 
             15.6015 -2.01343 -8.19194 -147.141  -2.45423  0.654329 0.0412486       0       0 180.013 -0.00163  0.00145  0.00051 -0.375414 -0.461813 0.0848779 0.000249658  0.00142254  -0.0298971   -0.271591    -0.27156 -0.00813041 -0.628651 -0.256566  -9.78547 
             15.7017 -1.80257 -8.38816 -149.358  -2.50436  0.632772 0.0512068       0       0 180.013 -0.00163  0.00145  0.00051 -0.391726 -0.402194  0.111833 0.000441577  0.00148288  -0.0277507   -0.271854   -0.258159 -0.00824121 -0.633591 -0.245452  -9.78544 
             15.8017 -1.43019 -8.41962 -151.869  -2.55736  0.622196 0.0578759       0       0 180.013 -0.00163  0.00145  0.00051 -0.416668 -0.330797  0.102955 0.000586878  0.00148381  -0.0251525   -0.273247   -0.243062 -0.00734632 -0.640002 -0.233332  -9.78532 
             15.9017   -1.155 -8.52668 -154.686  -2.60951  0.605996 0.0645561       0       0 180.013 -0.00163  0.00145  0.00051 -0.435442 -0.274642 0.0730451 0.00074608 0.00155999 -0.0225424   -0.275008   -0.234453 -0.00664571 -0.644362 -0.226725  -9.78519 
             16.0016 -0.624282  -8.73743  -157.874  -2.66392  0.597078 0.0684422       0       0 180.013 -0.00163  0.00145  0.00051 -0.444176 -0.212886 0.0776334 0.000774706  0.00172465  -0.0198011 -0.276656 -0.225114 -0.005415 -0.648748 -0.219426  -9.78506 
             16.1016 -0.065695  -8.92467  -161.203  -2.71083   0.59307 0.0775073       0       0 180.013 -0.00163  0.00145  0.00051  -0.43114 -0.152867 0.0806476 0.000792164  0.00184985  -0.0172492   -0.275817   -0.218251 -0.00593575 -0.650032  -0.21339  -9.78511 
             16.2016 0.729837 -9.52463 -164.601  -2.74835  0.588962 0.0792546       0       0 180.013 -0.00163  0.00145  0.00051  -0.342679 -0.0687324  0.0628688 0.000610881  0.00223156  -0.0150882    -0.27382   -0.215605 -0.00461042 -0.649174 -0.210637  -9.78523 
             16.3016    1.226 -9.63678 -167.803  -2.77722  0.594127 0.0928886       0       0 180.013 -0.00163  0.00145  0.00051   -0.297575 -0.00959317   0.0889586 0.000577361  0.00226644  -0.0140725   -0.271732    -0.21236 -0.00646249 -0.648095 -0.207339  -9.78537 
             16.4016  1.42319 -9.39691 -170.998 -2.81021 0.603379 0.113158       0       0 180.013 -0.00163  0.00145  0.00051 -0.303159  0.030392  0.120609 0.000626657  0.00202437   -0.012632   -0.272763   -0.209076 -0.00874878 -0.649495 -0.204714  -9.78533 
             16.5016  1.46822 -9.32744 -173.413 -2.84616 0.615836 0.126293       0       0 180.013 -0.00163  0.00145  0.00051 -0.309948  0.088365  0.123076 0.000745057  0.00188394  -0.0113069   -0.274465   -0.206335 -0.00881709 -0.651404 -0.202695  -9.78525 
             16.6015  1.56053 -9.35128 -175.607 -2.88653 0.630193 0.141342       0       0 180.013 -0.00163  0.00145  0.00051 -0.319247  0.121082  0.123725 0.000794343  0.00179314  -0.0106254  -0.277509  -0.204282 -0.0090145 -0.654228 -0.201416  -9.78509 
             16.7014   1.9957 -9.00404 -178.106 -2.92457 0.637339 0.142679       0       0 180.013 -0.00163  0.00145  0.00051 -0.323482  0.107201  0.101075 0.000805873  0.00153089 -0.00900815   -0.279139   -0.205168 -0.00666312 -0.655632 -0.202426  -9.78497 
             16.8011  2.28591 -8.80673  179.585 -2.93708 0.639917 0.144414       0       0 180.013 -0.00163  0.00145  0.00051 -0.205094 0.0941835 0.0678521 0.000932346  0.00158892 -0.00753031   -0.273155   -0.208583 -0.00573756 -0.650399 -0.204666  -9.78527 
             16.9006  2.65607 -8.60382  177.376 -2.95483 0.633979 0.149178       0       0 180.013 -0.00163  0.00145  0.00051 -0.170111 0.0412921  0.071781 0.000898312  0.00159337 -0.00587639   -0.272806   -0.213074 -0.00507405 -0.649754 -0.208371  -9.78524 
             17.0001  2.38822 -8.42218  175.858 -2.98854 0.632513 0.159005       0       0 180.013 -0.00163  0.00145  0.00051 -0.193959 0.0252695  0.100137 0.00135068 0.00156075   -0.00468   -0.279368   -0.214006 -0.00487087 -0.655053  -0.20958  -9.78486 
             17.0992 2.17774  -8.181 173.935 -3.03229 0.629508 0.164523       0       0 180.013 -0.00163  0.00145  0.00051  -0.234008 0.00841748  0.0717675  0.00172673  0.00165615 -0.00341697   -0.288821   -0.215043 -0.00312788 -0.662792 -0.210947  -9.78431 
             17.1982 2.19502 -8.3209 172.371 -3.06892  0.63739 0.173248       0       0 180.013 -0.00163  0.00145  0.00051  -0.25843  0.033215 0.0634732  0.00182012  0.00190567 -0.00249832  -0.294369  -0.212777 -0.0028579 -0.667387 -0.209295  -9.78403 
             17.2976  2.02459 -8.34198  171.682 -3.08678 0.642706 0.174637       0       0 180.013 -0.00163  0.00145  0.00051  -0.16868 0.0542104 0.0577818  0.0020387 0.00187909 -0.0023536    -0.29293    -0.21228 -0.00143713 -0.666329 -0.208889  -9.78411 
             17.3975  2.08928 -8.27005   171.06 -3.09559   0.6492 0.176293       0       0 180.013 -0.00163  0.00145  0.00051 -0.124644 0.0560523 0.0565778  0.00212094  0.00170918 -0.00246887    -0.290079    -0.211833 -0.000792696 -0.664091  -0.20853  -9.78427 
             17.4979  2.21761 -8.23755  170.396 -3.09635 0.656029 0.175387       0       0 180.013 -0.00163  0.00145  0.00051 -0.0222917  0.0773292  0.0189609   0.0020672  0.00165027 -0.00310963   -0.287358   -0.211701 4.91181e-05 -0.661979 -0.208461  -9.78442 
             17.5985 2.36759 -8.1712 169.679  -3.0863 0.663031 0.171513       0       0 180.013 -0.00163  0.00145  0.00051    0.0781393    0.0917543 -0.000487547 0.00195496 0.00165261 -0.0045856  -0.28404 -0.211867 0.0011185 -0.659427 -0.208673  -9.78458 
             17.6992  2.38647 -8.24625  168.234 -3.06414 0.673497 0.166775       0       0 180.013 -0.00163  0.00145  0.00051   0.182672  0.0984301 -0.0057971 0.00205899 0.00174045 -0.0055688  -0.28031 -0.211005 0.0017938  -0.65652 -0.208114  -9.78479 
             17.8001  2.41399 -8.36445  167.102 -3.02685 0.680763 0.159301       0       0 180.013 -0.00163  0.00145  0.00051   0.317328   0.109788 -0.0321642  0.00209889  0.00182866 -0.00699326  -0.275553  -0.211712 0.00262262 -0.652897 -0.208871  -9.78502 
             17.9011 2.56051 -8.3194 165.451  -2.9917 0.692424 0.155913       0       0 180.013 -0.00163  0.00145  0.00051   0.399037   0.136008 -0.0528057  0.00210442  0.00183441 -0.00832406  -0.275375  -0.212171 0.00230463 -0.652763 -0.209236  -9.78502 
             18.0017  2.82452 -8.50721  162.828 -2.95501 0.710693 0.146771       0       0 180.013 -0.00163  0.00145  0.00051    0.43934   0.164508 -0.0503508  0.00213862  0.00214846 -0.00920997  -0.277246  -0.211209 0.00352307 -0.654204 -0.208373  -9.78494 
             18.1019  3.15852 -8.59171  159.597 -2.92677 0.734895 0.137885       0       0 180.013 -0.00163  0.00145  0.00051   0.470281    0.17246 -0.0833345  0.00213586  0.00228314 -0.00982212  -0.283641  -0.209852 0.00495986 -0.659018 -0.206811  -9.78465 
             18.2019  3.52786 -8.62691  155.472 -2.90043 0.762125 0.128982       0       0 180.013 -0.00163  0.00145  0.00051   0.474094   0.192064 -0.0917898 0.00220149 0.00243823 -0.0104235  -0.291199  -0.208302 0.00613768 -0.664579 -0.204842  -9.78432 
             18.3017  4.60901 -7.61401  149.914 -2.87987 0.793513 0.121416       0       0 180.013 -0.00163  0.00145  0.00051   0.456436   0.240073 -0.0854952 0.00185407 0.00196856 -0.0104733  -0.299869   -0.20765 0.00686344 -0.670918 -0.203172  -9.78392 
             18.4014  5.85711 -6.66601  143.839 -2.85019 0.841068 0.110393       0       0 180.013 -0.00163  0.00145  0.00051  0.482673     0.319 -0.113316 0.00130335 0.00179559 -0.0106494  -0.306726   -0.20437 0.00780395 -0.675379 -0.199559  -9.78369 
             18.5012  6.90996 -5.65056  137.733  -2.81444  0.893758 0.0974791       0       0 180.013 -0.00163  0.00145  0.00051   0.51544  0.408117 -0.124738 0.000818242  0.00172302  -0.0110777   -0.31284  -0.202156 0.00866931 -0.679246   -0.1966  -9.78348 
             18.6009    7.252 -4.64125  130.417   -2.7979  0.966486 0.0930712       0       0 180.013 -0.00163  0.00145  0.00051   0.456875   0.524604 -0.0987655 0.000784938  0.00203234  -0.0109741  -0.325202  -0.200543 0.00819278 -0.687112 -0.191986  -9.78302 
             18.7007  7.62145 -3.91757  123.587  -2.74058   1.02348 0.0757084       0       0 180.013 -0.00163  0.00145  0.00051  0.531519  0.543946 -0.131683 0.000814739  0.00208648  -0.0112491  -0.323772  -0.198521 0.00914482 -0.685605 -0.191171  -9.78314 
             18.8006  8.68075 -3.06567  116.698  -2.68543    1.0867 0.0678907       0       0 180.013 -0.00163  0.00145  0.00051   0.60472   0.58849 -0.134091 0.000297361  0.00218408   -0.011459  -0.325435  -0.197802 0.00790749 -0.686246 -0.190053  -9.78312 
             18.9005  8.43563 -2.47753  110.555   -2.5944   1.18156 0.0579466       0       0 180.013 -0.00163  0.00145  0.00051  0.734784  0.722157 -0.129953 0.000731238   0.0025336   -0.011558  -0.326412  -0.188826 0.00616322 -0.682685 -0.184808  -9.78347 
             19.0005  7.70707 -2.42715  106.213  -2.52224    1.2189 0.0572429       0       0 180.013 -0.00163  0.00145  0.00051    0.71904   0.634074 -0.0984582 0.00105266 0.00266605 -0.0123734 -0.320979  -0.19299 0.0039489 -0.682134 -0.189561  -9.78342 
             19.1005  7.05381 -2.47045  103.485   -2.4295   1.29045 0.0559444       0       0 180.013 -0.00163  0.00145  0.00051   0.765938   0.655624 -0.0734075 0.00178473 0.00303788 -0.0131606  -0.320115  -0.188051 0.00170133 -0.679019 -0.188137  -9.78366 
             19.2005  6.82187 -2.61655  103.988  -2.40139   1.32721 0.0601767       0       0 180.013 -0.00163  0.00145  0.00051   0.650122   0.572729 -0.0432549 0.00144627 0.00296861 -0.0145413  -0.319343  -0.200931 0.00105601 -0.686044 -0.192684  -9.78308 
             19.3006  6.41689 -2.78076  104.261  -2.38945   1.37892 0.0645646       0       0 180.013 -0.00163  0.00145  0.00051   0.519405    0.58293 -0.0230101 0.000968929  0.00315101  -0.0150813   -0.322853    -0.21421 0.000819015 -0.694746 -0.194271  -9.78244 
             19.4006  6.64006 -2.79797  104.342  -2.38788   1.43861 0.0668429       0       0 180.013 -0.00163  0.00145  0.00051    0.367959    0.623821 -0.00630392 -0.000134168    0.0033203   -0.0154444  -0.327172  -0.226973 0.00119247 -0.703392 -0.195018   -9.7818 
             19.5006  6.62006 -2.92842  104.675  -2.39127   1.50338 0.0748049       0       0 180.013 -0.00163  0.00145  0.00051  0.235158  0.687018 0.0202145 -0.000709174   0.00348435   -0.0159989   -0.330571   -0.237372 0.000251771 -0.710334 -0.195676  -9.78129 
             19.6007  6.52826 -2.95968  104.827  -2.40623   1.57884 0.0871501       0       0 180.013 -0.00163  0.00145  0.00051  0.103189   0.77112 0.0514454 -0.00100946   0.0035393  -0.0160098   -0.335036   -0.247388 -0.00132461 -0.717277 -0.195667  -9.78078 
             19.7009 6.66179 -2.9228  105.29 -2.42979  1.66352 0.102492       0       0 180.013 -0.00163  0.00145  0.00051 0.0328234  0.842437  0.075255 -0.00135347  0.00344433  -0.0157688  -0.340024  -0.256719 -0.0030671 -0.723928 -0.195256   -9.7803 
              19.801  6.72031 -2.84959  104.799 -2.44422  1.74461 0.109609       0       0 180.013 -0.00163  0.00145  0.00051 -0.0230684   0.906187  0.0816398 -0.00146767  0.00334912  -0.0151227   -0.339955   -0.261836 -0.00240675 -0.726873  -0.19666  -9.78005 
             19.9011 6.49751  -2.866 104.307 -2.46735  1.82704 0.120137       0       0 180.013 -0.00163  0.00145  0.00051 -0.108029  0.947923 0.0892738 -0.00129154  0.00329181  -0.0152021   -0.338971    -0.26797 -0.00251363 -0.730095 -0.198888  -9.77977 
             20.0011  6.22411 -2.85726  103.769 -2.49504  1.91646 0.129586       0       0 180.013 -0.00163  0.00145  0.00051 -0.179128  0.996305  0.091773 -0.000993593   0.00324807   -0.0148565   -0.337885   -0.272913 -0.00217598 -0.732599 -0.200835  -9.77954 
              20.101  6.44764 -2.70825   103.94 -2.52125  2.00843 0.127852       0       0 180.013 -0.00163  0.00145  0.00051 -0.227701   1.05447  0.076526 -0.00124502  0.00306961  -0.0149942  -0.334824   -0.27552 0.00150243 -0.733359 -0.203181  -9.77944 
              20.201  5.97415 -2.81782  103.699 -2.53789  2.05123 0.139555       0       0 180.013 -0.00163  0.00145  0.00051 -0.214487  0.929109 0.0905105 -0.000735101   0.00306481   -0.0146905     -0.31582    -0.279413 -6.47431e-05 -0.730594 -0.214837  -9.77939 
             20.3009  5.87595 -2.73446  103.548  -2.5669   2.1148 0.116901       0       0 180.013 -0.00163  0.00145  0.00051 -0.250779  0.892664 0.0156152 -0.00059891  0.00302997  -0.0144678 -0.306446 -0.282902 0.0100834 -0.730415 -0.220739  -9.77928 
             20.4008  5.97378 -2.65991  103.259 -2.59232  2.17211 0.115637       0       0 180.013 -0.00163  0.00145  0.00051   -0.251274    0.842018 -0.00708339 -0.000546194   0.00301482   -0.0142427 -0.296192 -0.285598 0.0107441 -0.729391 -0.227059  -9.77921 
             20.5008  5.99057 -2.65211  102.901 -2.60457  2.24237 0.108625       0       0 180.013 -0.00163  0.00145  0.00051  -0.231209   0.832296 -0.0408341 -0.000481689   0.00318091    -0.014253   -0.2901 -0.282963 0.0124548 -0.726513 -0.229721  -9.77936 
             20.6008  5.92353 -2.65966  102.685 -2.61753  2.29748 0.106533       0       0 180.013 -0.00163  0.00145  0.00051   -0.207738    0.753865 -0.00676306 -0.000348043   0.00334288   -0.0143266 -0.281338 -0.282386 0.0123496 -0.724143 -0.234372  -9.77943 
             20.7007 5.85041 -2.5024  102.55  -2.63173   2.35182 0.0999669       0       0 180.013 -0.00163  0.00145  0.00051  -0.182206    0.69406 -0.0490269 -0.00028437  0.00318559  -0.0145102 -0.274194 -0.282091 0.0138092 -0.722381 -0.238157  -9.77946 
             20.8005   5.8177 -2.74441  103.208  -2.65447   2.42001 0.0888815       0       0 180.013 -0.00163  0.00145  0.00051  -0.188805    0.69927 -0.0753102 -0.000411165   0.00332843   -0.0154941 -0.273298 -0.283171  0.016689 -0.722814 -0.238823  -9.77942 
             20.9006  5.95178 -2.76121  103.385  -2.66743   2.45811 0.0942957       0       0 180.013 -0.00163  0.00145  0.00051 -0.163493  0.623564 -0.017311 -0.000559871   0.00322495   -0.0160654 -0.262499 -0.284658 0.0126596 -0.721197 -0.245048  -9.77938 
             21.0009  5.94434 -2.71288  103.094 -2.67344  2.48241 0.101839       0       0 180.013 -0.00163  0.00145  0.00051    -0.12214    0.535404 -0.00725599 -0.000438182   0.00303311   -0.0159895  -0.250561  -0.285011 0.00906464 -0.718728 -0.251567   -9.7794 
             21.1014   6.0005 -2.62005   101.69 -2.66531  2.49182 0.106562       0       0 180.013 -0.00163  0.00145  0.00051 -0.0770925   0.430853  0.0390171 -0.000272583   0.00266622   -0.0146973  -0.236136  -0.282979 0.00697198 -0.714469 -0.258773  -9.77952 
             21.2022  6.10062 -2.36984  99.0862 -2.64561  2.50621 0.110142       0       0 180.013 -0.00163  0.00145  0.00051  0.02719 0.344587  0.01648 -0.000104982   0.00239359   -0.0125329 -0.226006  -0.27859  0.005762 -0.709974 -0.263152  -9.77973 
             21.3028  6.15205 -2.13381  96.7722 -2.60154  2.56904 0.114269       0       0 180.013 -0.00163  0.00145  0.00051  0.166657   0.43792 0.0234573 0.000215551  0.00258248  -0.0105279  -0.230998  -0.267046 0.00406882 -0.704904 -0.258204  -9.78023 
             21.4031   6.3031 -1.90787  95.5943 -2.56677  2.62156 0.122591       0       0 180.013 -0.00163  0.00145  0.00051  0.226978  0.444327 0.0540272 0.000392259  0.00244119 -0.00929858 -0.232199 -0.262328 0.0017457 -0.702602 -0.256763  -9.78043 
             21.5029  6.43652 -1.75155  94.7174 -2.51718  2.67051 0.126015       0       0 180.013 -0.00163  0.00145  0.00051  0.321258  0.476067 0.0395976 0.000595262  0.00237335 -0.00811079  -0.231704  -0.255757 0.00141339 -0.699057    -0.256  -9.78071 
             21.6026   6.5289 -1.90742   93.906 -2.48458  2.71622 0.132024       0       0 180.013 -0.00163  0.00145  0.00051  0.322002  0.458955 0.0387261 0.000540987  0.00257408 -0.00723162   -0.231558   -0.255824 0.000708815  -0.69906 -0.256103  -9.78071 
              21.702  6.58207 -1.78293  92.7113 -2.44283  2.74269 0.124896       0       0 180.013 -0.00163  0.00145  0.00051  0.380088  0.456785 0.0200356 0.000485636  0.00250352 -0.00611557  -0.225688  -0.253636 0.00383581 -0.697355 -0.258914  -9.78075 
             21.8014  6.85864 -1.80856   91.692 -2.41153  2.76696 0.119894       0       0 180.013 -0.00163  0.00145  0.00051   0.385125    0.40231 -0.0296972 0.000254614  0.00260628  -0.0054226  -0.219791  -0.256516 0.00581469 -0.698421 -0.262239  -9.78059 
             21.9008 6.84744 -1.3383 90.5006 -2.39139  2.78201 0.101952       0       0 180.013 -0.00163  0.00145  0.00051   0.337939   0.298324 -0.0494844 0.000226991  0.00233875 -0.00455444 -0.213257 -0.260862 0.0113991 -0.700406 -0.265836  -9.78035 
             22.0003  7.01115 -1.11513  89.2401  -2.34205   2.78768 0.0995573       0       0 180.013 -0.00163  0.00145  0.00051   0.369906  0.0674303 -0.0416219 4.32647e-05  0.00244184 -0.00379847  -0.20784 -0.257453 0.0112344 -0.698366 -0.268509  -9.78042 
             22.0998 6.84955 -1.5261 88.8733   -2.2943   2.80504 0.0914396       0       0 180.013 -0.00163  0.00145  0.00051   0.437999   0.334663 -0.0966942 0.000261316  0.00234169 -0.00339383  -0.20564 -0.255829 0.0116929 -0.697472 -0.269595  -9.78046 
             22.1994    7.0519 -0.817953   87.5164 -2.25421  2.84696 0.071349       0       0 180.013 -0.00163  0.00145  0.00051   0.426007   0.280619 -0.0761263 -9.35652e-05   0.00238872  -0.00273406 -0.209762 -0.257596 0.0166046 -0.698549 -0.267355  -9.78044 
             22.2991   6.96826 -0.831341   86.4039  -2.22189   2.88416 0.0590091       0       0 180.013 -0.00163  0.00145  0.00051   0.431431   0.307913 -0.0884618 2.50798e-05  0.00247447 -0.00237033  -0.21148 -0.260517 0.0184017 -0.700067 -0.266419  -9.78036 
              22.399     7.025 -0.514179   83.8935  -2.14363   2.94234 0.0587308       0       0 180.013 -0.00163  0.00145  0.00051  0.579256  0.412167 -0.069295 -0.000491792   0.00221921 -0.000502026 -0.216169 -0.255174 0.0159459  -0.69723 -0.264232  -9.78062 
             22.4991   7.10012 -0.228608   81.0565  -2.09171   3.00446 0.0613587       0       0 180.013 -0.00163  0.00145  0.00051    0.58939   0.500043 -0.0270498 -0.000411804   0.00212709   0.00172744 -0.219141 -0.257411 0.0145301 -0.698148 -0.262698   -9.7806 
             22.5996  7.00911 0.043885   78.285  -2.02535   3.06305 0.0496123       0       0 180.013 -0.00163  0.00145  0.00051   0.646273   0.544538 -0.0569309 -0.000424954   0.00212786   0.00381962 -0.220754 -0.256553 0.0160489 -0.697656 -0.261953  -9.78065 
                22.7  6.84274 0.767308   75.961  -1.95577   3.11885 0.0447582       0       0 180.013 -0.00163  0.00145  0.00051   0.587581    0.43158 -0.0512482 -0.000438186   0.00204559   0.00575127 -0.223099 -0.254636 0.0154291 -0.696493  -0.26107  -9.78076 
             22.8002  6.76872 0.579826  74.5837  -1.86614   3.16089 0.0380877       0       0 180.013 -0.00163  0.00145  0.00051  0.767631  0.496216 -0.121627 -0.000242535    0.0024173   0.00729954 -0.223227 -0.249329 0.0146978 -0.694041 -0.261762  -9.78091 
             22.9005  6.64016 0.918466  72.7172  -1.80947   3.21657 0.0253488       0       0 180.013 -0.00163  0.00145  0.00051  0.754998  0.472632 -0.078633 -0.000289145   0.00208187   0.00886141 -0.223707 -0.254455 0.0166911 -0.696283 -0.260655  -9.78078 
             23.0006 6.40766 1.05636 70.7682  -1.75466   3.27848 0.0154314       0       0 180.013 -0.00163  0.00145  0.00051   0.748702   0.472674 -0.0922025 -0.000434059   0.00227151   0.00988701 -0.225935  -0.26087 0.0176205 -0.698635 -0.258441  -9.78067 
             23.1005 6.19645 1.15975 68.9224   -1.70664    3.33624 0.00965592       0       0 180.013 -0.00163  0.00145  0.00051   0.748015   0.469063 -0.0992493 -0.000758222   0.00233082   0.00981484 -0.226446 -0.268865 0.0174369 -0.701838 -0.256502   -9.7805 
             23.2002  6.0007 1.53239 65.2507 -1.60957  3.37346 0.006262       0       0 180.013 -0.00163  0.00145  0.00051   0.907676   0.405859 -0.0903638 -0.000464852   0.00216283   0.00965787 -0.226016 -0.264879 0.0152137 -0.700323 -0.257692  -9.78057 
                23.3 5.26558  2.1389 60.1206   -1.53689    3.39927 0.00166301       0       0 180.013 -0.00163  0.00145  0.00051   0.891783   0.334228 -0.0994935 -0.000321906   0.00184342   0.00949337  -0.22141 -0.267548 0.0144737 -0.702595 -0.258737  -9.78038 
                23.4 5.86699 2.92991 54.4222  -1.41862    3.3938 0.0104174       0       0 180.013 -0.00163  0.00145  0.00051    1.05966   0.193893 -0.0502413 -0.000438271   0.00133719   0.00937974 -0.216537 -0.259504 0.0093119  -0.70129 -0.263063  -9.78036 
             23.5003  5.6035 3.62352 48.2084  -1.29182   3.37778 0.0262018       0       0 180.013 -0.00163  0.00145  0.00051    1.21809  0.0484009 0.00120874 -0.000370487   0.00106083   0.00941575  -0.212332  -0.253524 0.00407789 -0.700949 -0.266588  -9.78029 
             23.6006 4.92124 4.08652 41.6452  -1.16914   3.34764 0.0402318       0       0 180.013 -0.00163  0.00145  0.00051    1.28438 -0.0843074  0.0317611 -0.000399067   0.00107707   0.00935492  -0.207094  -0.250003 0.00120765 -0.702206 -0.269383  -9.78012 
             23.7009 4.57101 4.82059 34.4261  -1.05749   3.34637 0.0590107       0       0 180.013 -0.00163  0.00145  0.00051    1.27477 -0.0826717  0.0681777 -0.000594446   0.00101444   0.00953216   -0.205364   -0.253454 -0.00104274 -0.703587 -0.268203  -9.78006 
             23.8011  4.2422 5.04549 27.7342 -0.985783   3.36741 0.0860046       0       0 180.013 -0.00163  0.00145  0.00051    1.18331 0.00130684   0.137621 -0.000884327   0.00100101   0.00954188   -0.199814   -0.262681 -0.00306397 -0.707148 -0.264421   -9.7799 
             23.9013 3.35118 4.99501 22.0598 -0.932137   3.36964 0.0822502       0       0 180.013 -0.00163  0.00145  0.00051   1.03061 0.0233161 0.0944233 -0.000769168   0.00114085   0.00921053   -0.190772   -0.266724 0.000255778 -0.711756 -0.262531  -9.77962 
             24.0013 1.90984 4.55186 16.1547 -0.885559   3.37168 0.0687541       0       0 180.013 -0.00163  0.00145  0.00051  0.898662 0.0485481   0.02738 -0.00042778  0.00125069   0.0090731  -0.182242  -0.268683 0.00402222 -0.715938 -0.260972  -9.77936 
             24.1011 1.42215  4.5769 12.1228 -0.831699   3.41212 0.0479396       0       0 180.013 -0.00163  0.00145  0.00051   0.845737   0.174487 -0.0141296 -0.000605381   0.00113354   0.00850943  -0.177271  -0.275025 0.00809968 -0.717675 -0.257185  -9.77933 
             24.2009 0.740547  4.31406  8.12874 -0.770243   3.43625 0.0184011       0       0 180.013 -0.00163  0.00145  0.00051  0.779013  0.189207 -0.111026 -0.000533137   0.00124617   0.00834429 -0.173928  -0.27637 0.0121812 -0.719079 -0.255915  -9.77926 
             24.3007 -0.00543652     4.34773     4.92101  -0.688181    3.45823 -0.0219571       0       0 180.013 -0.00163  0.00145  0.00051   0.86842  0.228943 -0.251535 -0.000417507   0.00125319   0.00807051 -0.174473 -0.276336 0.0155803 -0.718842 -0.256007  -9.77927 
             24.4004 -0.0427984    4.22311    2.75659  -0.618783    3.50323 -0.0656608       0       0 180.013 -0.00163  0.00145  0.00051  0.867695  0.314453 -0.321996 -0.000599388   0.00116693   0.00791978 -0.171858 -0.279151 0.0179116 -0.719355 -0.254107  -9.77929 
             24.5003 0.239879  4.15774  2.21749  -0.54575   3.54427 -0.122751       0       0 180.013 -0.00163  0.00145  0.00051  0.905695  0.374269 -0.412008 -0.000889007  0.000933673   0.00680975 -0.169238 -0.280218  0.020699 -0.720196 -0.252965  -9.77925 
             24.6002  -0.35618   4.21304 -0.639142 -0.462058   3.60245 -0.134669       0       0 180.013 -0.00163  0.00145  0.00051  0.966021  0.446057 -0.326517 -0.00104736 0.000676343  0.00633021 -0.166806 -0.282739 0.0174489 -0.720552 -0.251264  -9.77927 
             24.7003 -0.523071   4.08165  -2.48798 -0.353707   3.65486 -0.154461       0       0 180.013 -0.00163  0.00145  0.00051   1.06759  0.461273 -0.309732 -0.00126171 0.000855955  0.00580425 -0.167863 -0.284117 0.0154749 -0.719762 -0.250995  -9.77934 
             24.8004 -0.264622   3.99072  -2.12929 -0.244489   3.69813 -0.181202       0       0 180.013 -0.00163  0.00145  0.00051   1.15403  0.432911 -0.315851 -0.00139866  0.00083396  0.00453356 -0.167442 -0.283729 0.0147556 -0.720044 -0.251028  -9.77932 
             24.9006 -0.26818  3.92436 -1.93671 -0.136317   3.72484 -0.192017       0       0 180.013 -0.00163  0.00145  0.00051   1.19585  0.368773 -0.264123 -0.000993532   0.00053932    0.0034164 -0.165716 -0.279578 0.0114614  -0.72193 -0.252142  -9.77915 
             25.0008 -0.153911   3.93025  -1.86209 -0.0279983    3.73488  -0.211435       0       0 180.013 -0.00163  0.00145  0.00051   1.24415  0.295207 -0.242918 -0.000524638  0.000158712   0.00196819 -0.163494 -0.272143 0.0103078 -0.724919 -0.254362  -9.77887 
             25.1011 0.0191367   3.91804  -1.79091 0.0849358   3.73555 -0.226824       0       0 180.013 -0.00163  0.00145  0.00051   1.29894  0.225231 -0.244141 -0.000206723 -0.000156207   0.00110066  -0.161011  -0.262902 0.00835373   -0.7285 -0.257178  -9.77853 
             25.2012 0.049733  4.20213 -1.78482  0.202484   3.72809 -0.235472       0       0 180.013 -0.00163  0.00145  0.00051   1.30754  0.110707 -0.203034  0.000173019 -0.000645068   0.00150661  -0.158473  -0.253327 0.00508034 -0.732164 -0.260097  -9.77818 
             25.3011 -0.162165   4.31379  -2.13049  0.320078   3.71395 -0.245878       0       0 180.013 -0.00163  0.00145  0.00051   1.30015 0.0258055 -0.178504 0.000776719 -0.00098913  0.00203976 -0.155306 -0.244432 0.0028891 -0.735815 -0.262595  -9.77784 
             25.4009 -0.572945   4.10618  -2.17253   0.44338   3.69609 -0.252626       0       0 180.013 -0.00163  0.00145  0.00051    1.33489 -0.0626886  -0.133387  0.00159357 -0.00109042  0.00238495  -0.153132  -0.237542 0.00046017 -0.738504 -0.264613  -9.77758 
             25.5007 -0.557932   4.07699  -2.07667  0.561995   3.67965 -0.254619       0       0 180.013 -0.00163  0.00145  0.00051    1.3502 -0.117501 -0.132328   0.0016942 -0.00155616   0.0022781   -0.148961    -0.23331 -0.00268837 -0.741218 -0.265091  -9.77736 
             25.6006 -0.836243   4.06157  -1.73845  0.676353   3.65972 -0.262322       0       0 180.013 -0.00163  0.00145  0.00051   1.35215 -0.152548 -0.120735   0.0020399 -0.00214417  0.00167981   -0.142224   -0.229203 -0.00359562 -0.744818 -0.264841   -9.7771 
             25.7005 -0.893584   4.05641  -1.33586 0.800736  3.64607 -0.26783       0       0 180.013 -0.00163  0.00145  0.00051   1.40136 -0.161466 -0.105926  0.00216805 -0.00248136 0.000983207   -0.137173    -0.22851 -0.00521652 -0.746887 -0.263771  -9.77697 
             25.8004 -0.843474   4.12041 -0.905572  0.924081   3.64601 -0.271647       0       0 180.013 -0.00163  0.00145  0.00051    1.39333  -0.100937 -0.0880344  0.00207528 -0.00276475 7.25624e-05   -0.129992   -0.232279 -0.00717695 -0.748582 -0.260511  -9.77692 
             25.9004 -0.677511   4.19407  -0.12156    1.0294   3.65039 -0.277137       0       0 180.013 -0.00163  0.00145  0.00051    1.32569 -0.0570452 -0.0853143  0.00196541 -0.00295604 -0.00123897   -0.118077   -0.234568 -0.00789554 -0.752381 -0.256605  -9.77674 
             26.0006 -0.747397    4.0876  0.216803   1.13839   3.65596 -0.281005       0       0 180.013 -0.00163  0.00145  0.00051    1.32377 -0.0188686 -0.0850597  0.00201904 -0.00276534 -0.00196175   -0.108981   -0.236372 -0.00905467 -0.755265  -0.25364  -9.77659 
             26.1008 -0.581039   4.13299  0.144419   1.24326   3.65783 -0.283574       0       0 180.013 -0.00163  0.00145  0.00051     1.3132  0.0134679 -0.0825027  0.00191895 -0.00283231 -0.00201752 -0.0995928  -0.235302  -0.010354 -0.758961 -0.251701  -9.77635 
             26.2011 -0.717878   3.97673 -0.363442   1.37147   3.66102 -0.292386       0       0 180.013 -0.00163  0.00145  0.00051   1.33501 0.0350537 -0.081314    0.002028 -0.00264585 -0.00147764 -0.0975518  -0.234951 -0.0100261 -0.759783 -0.251339   -9.7763 
             26.3012 -1.38801  3.86199  -1.1774   1.50784   3.66389 -0.287921       0       0 180.013 -0.00163  0.00145  0.00051    1.40277  0.0833988 -0.0776925   0.00264466  -0.00234242 -0.000699226 -0.0972428  -0.233539  -0.013623 -0.760254 -0.251759  -9.77625 
              26.401 -1.20853  3.85847 -1.38012    1.6324   3.66409 -0.290806       0       0 180.013 -0.00163  0.00145  0.00051   1.35708 0.0908034 -0.050644    0.0025994  -0.00236297 -0.000280719   -0.09394  -0.230132 -0.0141676 -0.762233  -0.25221  -9.77609 
             26.5008 -1.23403  3.72507 -1.24375   1.75951   3.66455 -0.289443       0       0 180.013 -0.00163  0.00145  0.00051    1.34371   0.106771 -0.0397337  0.00275407 -0.00223887  1.0871e-05 -0.0920247  -0.226556 -0.0158338 -0.763755 -0.253027  -9.77595 
             26.6006 -1.06428  3.73166 -1.21196   1.86723   3.66367 -0.293018       0       0 180.013 -0.00163  0.00145  0.00051    1.30123  0.0872401 -0.0414121  0.00274929 -0.00236611 0.000334761 -0.0858132  -0.222081 -0.0156186 -0.766983  -0.25317  -9.77569 
             26.7003 -1.28276  3.79938  -0.9199   1.97983   3.66636 -0.296273       0       0 180.013 -0.00163  0.00145  0.00051   1.27756  0.114642 -0.044181  0.00303247 -0.00251465  0.00052119 -0.0818167  -0.218705 -0.0152313 -0.769156 -0.253434  -9.77551 
             26.8001  -1.21133   3.71853 -0.305756  2.08859  3.66965 -0.30436       0       0 180.013 -0.00163  0.00145  0.00051    1.27834   0.109607 -0.0528553  0.00307458  -0.0027116 0.000330722 -0.0770689   -0.21537 -0.0137164 -0.771549  -0.25352  -9.77532 
                26.9 -0.924426   3.88553  0.298254   2.19583   3.67336 -0.328842       0       0 180.013 -0.00163  0.00145  0.00051   1.22364  0.106077 -0.089938   0.0030057 -0.00294855  4.7347e-06   -0.072861   -0.212387 -0.00873191 -0.773611 -0.253646  -9.77516 
             27.0002 -0.826248   4.11535  0.405573   2.29427   3.67096 -0.361953       0       0 180.013 -0.00163  0.00145  0.00051    1.1996 0.0479576 -0.161269   0.00306685   -0.0031657 -0.000184918  -0.0678663   -0.208827 -0.00301517 -0.776033 -0.253818  -9.77496 
             27.1004 -0.773423    4.2718  0.202479  2.38722  3.67001 -0.39336       0       0 180.013 -0.00163  0.00145  0.00051   1.16966  0.025286 -0.198326    0.0031248  -0.00360683 -0.000406628  -0.0618351   -0.206298 0.000826443  -0.77858 -0.253411  -9.77477 
             27.2008  -1.05275   4.50494 -0.243765   2.49339   3.66588 -0.413421       0       0 180.013 -0.00163  0.00145  0.00051   1.15712  0.044224 -0.187222  0.00354769 -0.00395082  -0.0003724   -0.059397   -0.203505 0.000949022 -0.779986  -0.25384  -9.77464 
             27.3009  -1.05169   4.49928 -0.655337   2.60549    3.6676 -0.424497       0       0 180.013 -0.00163  0.00145  0.00051   1.18012 0.0751879 -0.192126   0.00357471  -0.00395398 -6.64072e-05  -0.0578663   -0.201943 -0.00108895 -0.780843 -0.254027  -9.77457 
             27.4009  -1.04494   4.27827 -0.851481   2.72383   3.67066 -0.438668       0       0 180.013 -0.00163  0.00145  0.00051   1.23078 0.0894803 -0.182574  0.00354879 -0.00384891 0.000300598  -0.0573996    -0.20013 -0.00222818  -0.78138 -0.254525  -9.77451 
             27.5008  -1.62721   4.46202 -0.907176   2.83943   3.67829 -0.451793       0       0 180.013 -0.00163  0.00145  0.00051   1.19922  0.114701 -0.159071  0.00393636  -0.0040714 0.000618537  -0.0556264   -0.198829 -0.00342095 -0.782244 -0.254579  -9.77444 
             27.6007  -1.43763   4.46558 -0.743459   2.95808   3.68913 -0.464885       0       0 180.013 -0.00163  0.00145  0.00051   1.20907  0.137644 -0.165536  0.00360128 -0.00410382 0.000836666  -0.0550816   -0.198295 -0.00428724 -0.782538 -0.254634  -9.77442 
             27.7006   -1.3483   4.48469 -0.712715   3.07139   3.69387 -0.474111       0       0 180.013 -0.00163  0.00145  0.00051   1.22504  0.132064 -0.146996  0.00337069 -0.00419975  0.00121836 -0.0546033  -0.195349 -0.0059502 -0.783308  -0.25548  -9.77434 
             27.8005  -1.21756   4.35917 -0.455676   3.19829   3.70338 -0.485276       0       0 180.013 -0.00163  0.00145  0.00051   1.24029  0.138925 -0.135518     0.00324 -0.00400541  0.00163254  -0.0542871   -0.193631 -0.00689937 -0.783765 -0.255963  -9.77429 
             27.9003   -1.13196    4.23153 -0.0402048   3.32559   3.70469 -0.492569       0       0 180.013 -0.00163  0.00145  0.00051   1.30348 0.0738283  -0.14156  0.00314898 -0.00395929   0.0018142 -0.0546041  -0.190176 -0.0087264 -0.784367 -0.257122  -9.77421 
             28.0003 -0.881568   4.21843  0.414563   3.45373   3.71101 -0.503132       0       0 180.013 -0.00163  0.00145  0.00051    1.32327  0.0665878 -0.0991067  0.00296095 -0.00401105   0.0013554 -0.0530678  -0.189688 -0.0094565  -0.78496 -0.256964  -9.77416 
             28.1005 -0.838278   4.15061  0.643164   3.57745   3.71811 -0.507872       0       0 180.013 -0.00163  0.00145  0.00051    1.29872  0.0946475 -0.0850667  0.00297838 -0.00404605 0.000730984 -0.0505278  -0.188932 -0.0110795 -0.785926  -0.25669  -9.77409 
             28.2008  -1.10776   4.04865 0.0925752   3.69736   3.72046 -0.519319       0       0 180.013 -0.00163  0.00145  0.00051   1.33196 0.0728296 -0.111237  0.00287462 -0.00424076 0.000570018 -0.0491812   -0.18684 -0.0101537 -0.786746 -0.257102  -9.77402 
             28.3011  -0.76846   4.13628 -0.668907   3.8347  3.72253 -0.53535       0       0 180.013 -0.00163  0.00145  0.00051   1.36408 0.0497731 -0.111404  0.00233271 -0.00450571 0.000667809 -0.0478479  -0.185539 -0.0087892 -0.787402 -0.257269  -9.77396 
             28.4011 -0.774517   4.17549  -1.35765   3.97119    3.7255 -0.551947       0       0 180.013 -0.00163  0.00145  0.00051   1.42534 0.0785249 -0.129966  0.00227469 -0.00459582  0.00126445  -0.0473606   -0.184364 -0.00713041 -0.787761 -0.257558  -9.77392 
             28.5009 -0.864753   4.21342  -1.81174   4.10813   3.72881 -0.566239       0       0 180.013 -0.00163  0.00145  0.00051   1.43913 0.0694255 -0.137167   0.0023394 -0.00490052  0.00179501  -0.0454391   -0.182441 -0.00681106  -0.78872 -0.257791  -9.77384 
             28.6007 -0.742483   4.56433  -2.00245   4.24233   3.72762 -0.581199       0       0 180.013 -0.00163  0.00145  0.00051   1.41651 0.0588701  -0.14751  0.00219225 -0.00512973   0.0020909   -0.043411   -0.179504 -0.00634228 -0.789904 -0.258305  -9.77373 
             28.7005 -0.467396   4.53172  -2.14685   4.3784   3.7261 -0.59551       0       0 180.013 -0.00163  0.00145  0.00051   1.45459 0.0400047 -0.151913  0.00185038 -0.00513589  0.00283062  -0.0411876   -0.176937 -0.00633944  -0.79108 -0.258652  -9.77363 
             28.8003 -0.396964   4.73396  -2.24044   4.51758   3.71895 -0.616777       0       0 180.013 -0.00163  0.00145  0.00051      1.5081 0.000682027   -0.198147   0.0017758 -0.00517114  0.00371946   -0.039356   -0.173223 -0.00472402 -0.792346 -0.259418   -9.7735 
             28.9001 -0.553774   4.83208  -1.99671   4.65874   3.71034 -0.639406       0       0 180.013 -0.00163  0.00145  0.00051     1.5232 -0.0358569  -0.171109  0.00202399 -0.00477844  0.00399641  -0.0368435   -0.170085 -0.00340986 -0.793702 -0.259866  -9.77338 
                  29 -0.596039   4.62245  -1.79731   4.79803   3.70745 -0.653709       0       0 180.013 -0.00163  0.00145  0.00051    1.51145 -0.0574323  -0.172519  0.00224039 -0.00408505  0.00397896  -0.0332993   -0.169628 -0.00420776 -0.794848 -0.259306   -9.7733 
             29.1001 -0.478252   4.45343  -1.73696   4.92541   3.70696 -0.665771       0       0 180.013 -0.00163  0.00145  0.00051    1.47055 -0.0540543  -0.177711  0.00208694 -0.00361914  0.00356117  -0.0284262   -0.170096 -0.00545372   -0.7962 -0.258215  -9.77322 
             29.2003 -0.556116   4.37014  -1.84001   5.06514   3.70714 -0.677301       0       0 180.013 -0.00163  0.00145  0.00051    1.43023 -0.0295958  -0.154325   0.0020064 -0.00323752  0.00293603  -0.0246604   -0.170868 -0.00687339 -0.797161 -0.257256  -9.77317 
             29.3006 -0.342841   4.15707  -2.00442   5.19318   3.70847 -0.685959       0       0 180.013 -0.00163  0.00145  0.00051    1.44426 -0.0101252  -0.152326  0.00168556 -0.00298558  0.00258532 -0.0193976  -0.171152 -0.0087031 -0.798645 -0.256154  -9.77308 
             29.4007 -0.153611   4.40155  -2.17308   5.32636   3.70059 -0.700068       0       0 180.013 -0.00163  0.00145  0.00051    1.46217 -0.0584277  -0.147023  0.00118586 -0.00309333  0.00249615  -0.0160892   -0.169247 -0.00861736 -0.799964 -0.256065  -9.77297 
             29.5007 -0.172479   4.29468  -2.07364   5.46275   3.68965 -0.714228       0       0 180.013 -0.00163  0.00145  0.00051    1.48943 -0.0902533  -0.143302  0.00111146 -0.00285753  0.00246315  -0.0133626   -0.167217 -0.00841858  -0.80113 -0.256124  -9.77287 
             29.6008 -0.258135   4.34539  -2.10391   5.59996   3.67463 -0.730728       0       0 180.013 -0.00163  0.00145  0.00051   1.45782 -0.110815 -0.154048  0.00120153 -0.00287058  0.00255772  -0.0109047   -0.164792 -0.00752542 -0.802281 -0.256346  -9.77277 
             29.7007 -0.422534   4.16412   -2.0415   5.73728    3.6618 -0.742426       0       0 180.013 -0.00163  0.00145  0.00051   1.44073 -0.140777  -0.14102  0.00133399 -0.00277542  0.00255918 -0.00888719   -0.164128 -0.00804448  -0.80298 -0.256155  -9.77272 
             29.8006 -0.56309    4.251 -1.49636   5.87335   3.65511 -0.762916       0       0 180.013 -0.00163  0.00145  0.00051    1.4177 -0.099045 -0.142469  0.00169884 -0.00297604  0.00228555 -0.0066745  -0.165276 -0.0060703 -0.803376 -0.255415  -9.77271 
             29.9004 -0.789588   4.34077 -0.682211  6.01881  3.65339 -0.78569       0       0 180.013 -0.00163  0.00145  0.00051    1.48007 -0.0645706  -0.179447  0.00218621 -0.00321508  0.00213874 -0.00629726   -0.167236 -0.00404715 -0.803109 -0.254792  -9.77275 
             30.0004 -0.596704   4.54077  -0.10922   6.16894   3.65494 -0.804591       0       0 180.013 -0.00163  0.00145  0.00051    1.55404 -0.0682071  -0.172494  0.00214849 -0.00343623   0.0022039  -0.0056066   -0.170041 -0.00373512 -0.802805 -0.253882   -9.7728 
             30.1005 -0.567218   4.30472 -0.314968   6.31866   3.65165 -0.821342       0       0 180.013 -0.00163  0.00145  0.00051    1.56415 -0.0723574  -0.182702  0.00223678 -0.00307737  0.00241668 -0.00352512   -0.170837 -0.00398556 -0.803251 -0.253299  -9.77277 
             30.2006 -0.672738   4.10529 -0.775208    6.4699   3.64121 -0.834278       0       0 180.013 -0.00163  0.00145  0.00051    1.5468 -0.107895 -0.199309  0.00219481 -0.00282363   0.0021493  -0.0013754   -0.169906 -0.00551457 -0.804013 -0.253196  -9.77271 
             30.3007 -0.822934   4.18048 -0.892151   6.60653   3.62966 -0.848272       0       0 180.013 -0.00163  0.00145  0.00051   1.52679 -0.107744 -0.139115  0.00231075 -0.00265773  0.00118908   0.0038696   -0.168999 -0.00608159 -0.805613 -0.252582   -9.7726 
             30.4008 -0.677641   4.10708 -0.881359    6.7432   3.62128 -0.862649       0       0 180.013 -0.00163  0.00145  0.00051   1.52902 -0.127898 -0.164627   0.0021586 -0.00245214 0.000470957  0.00808208   -0.169314 -0.00642036  -0.80672 -0.251805  -9.77253 
             30.5007 -0.589391   4.15808 -0.996936   6.88051   3.60441 -0.875643       0       0 180.013 -0.00163  0.00145  0.00051   1.51624 -0.138062 -0.172811  0.00221748 -0.00229838 0.000291044   0.0117582   -0.167212 -0.00723304  -0.80807 -0.251775  -9.77242 
             30.6006 -0.789141   3.97286  -1.03671   7.02439   3.59808 -0.887203       0       0 180.013 -0.00163  0.00145  0.00051   1.51155 -0.113948  -0.16677  0.00259923 -0.00187785 1.89139e-06   0.0140177   -0.168488 -0.00824125 -0.808482  -0.25106   -9.7724 
             30.7004  -1.11861   4.03166 -0.623492   7.16821   3.60029 -0.896035       0       0 180.013 -0.00163  0.00145  0.00051    1.50826 -0.0559222   -0.12955  0.00298486  -0.0018257 -0.00061104   0.0168941   -0.170963 -0.00988632 -0.808869 -0.249923   -9.7724 
             30.8002 -0.878102   4.17358  0.403858    7.3113   3.60478 -0.906386       0       0 180.013 -0.00163  0.00145  0.00051   1.48311 0.0170584 -0.113044   0.0028628 -0.00178639 -0.00153788  0.0189869  -0.172536 -0.0104096 -0.809179 -0.249164  -9.77239 
             30.9002 -0.756812   4.18295  0.910784   7.44913   3.61231 -0.921095       0       0 180.013 -0.00163  0.00145  0.00051   1.48679 0.0468173 -0.120002  0.00269626 -0.00183576 -0.00166942   0.0214874   -0.174034 -0.00948863 -0.809598 -0.248375  -9.77238 
             31.0004 -0.653271   4.07028  0.983745   7.58965   3.61656 -0.936238       0       0 180.013 -0.00163  0.00145  0.00051   1.48072 0.0364606 -0.107516  0.00261435 -0.00185073 -0.00137151  0.0231183  -0.174086 -0.0085883 -0.810011 -0.248117  -9.77235 
             31.1006 -0.700464   3.90583  0.448281   7.73015   3.61258 -0.948289       0       0 180.013 -0.00163  0.00145  0.00051      1.49641 -0.000874701    -0.126961   0.00269485  -0.00191435 -0.000605403   0.0255169   -0.171745 -0.00871866 -0.810971 -0.248389  -9.77226 
             31.2008 -0.737298   4.05942 -0.269577  7.87217  3.60228 -0.96087       0       0 180.013 -0.00163  0.00145  0.00051    1.52498 -0.0735463  -0.129734   0.00265543  -0.00212566 -6.52723e-05   0.0280035   -0.169148 -0.00876413 -0.811975 -0.248728  -9.77217 
             31.3009 -0.758749   4.09352 -0.837755   8.01583   3.58975 -0.975725       0       0 180.013 -0.00163  0.00145  0.00051    1.48718 -0.0864333  -0.132049   0.0026025 -0.00208648 4.11513e-05   0.0300255    -0.16714 -0.00833323 -0.812766 -0.248979   -9.7721 
             31.4009  -1.1857  4.02754 -1.24358   8.16317   3.58032 -0.985493       0       0 180.013 -0.00163  0.00145  0.00051    1.53327 -0.0732998  -0.131413  0.00292056 -0.00188419 0.000294662   0.0309353   -0.166541 -0.00931671 -0.813094 -0.249004  -9.77207 
             31.5008 -1.20511  4.18485 -1.60745  8.31015  3.57262 -1.00021       0       0 180.013 -0.00163  0.00145  0.00051    1.52681 -0.0493259  -0.125281  0.00276245 -0.00192278  0.00071167   0.0319831    -0.16607 -0.00875918  -0.81342 -0.248979  -9.77204 
             31.6006 -1.06103   4.3217 -1.60562 8.46206 3.56709 -1.0158       0       0 180.013 -0.00163  0.00145  0.00051    1.57806 -0.0239142  -0.144186  0.00238179 -0.00209496 0.000730526   0.0326399   -0.165482 -0.00828452 -0.813665 -0.249034  -9.77202 
             31.7005 -1.04568  4.48522 -1.38807   8.6141  3.56911 -1.03307       0       0 180.013 -0.00163  0.00145  0.00051   1.58568 0.0155847 -0.150782  0.00208395  -0.0021825 0.000595892   0.0343028   -0.166299 -0.00780039  -0.81395 -0.248591  -9.77201 
             31.8004 -1.05131  4.46876 -1.05867  8.75733  3.57199 -1.04591       0       0 180.013 -0.00163  0.00145  0.00051   1.48543 0.0314612 -0.142171  0.00202108 -0.00192998 0.000839203   0.0368514   -0.166354 -0.00815535 -0.814567 -0.248197  -9.77197 
             31.9004 -0.985423   4.31494 -0.915802  8.89615  3.56664 -1.05577       0       0 180.013 -0.00163  0.00145  0.00051     1.4368 -0.0219711  -0.129073  0.00194096 -0.00172496  0.00122693   0.0391417   -0.164033 -0.00878152 -0.815467 -0.248419  -9.77189 
             32.0004 -0.888864   4.23104  -1.10593  9.02817  3.55738 -1.07028       0       0 180.013 -0.00163  0.00145  0.00051    1.45258 -0.0436583  -0.133376  0.00202367 -0.00174343  0.00186821   0.0420764   -0.161732 -0.00798604 -0.816496 -0.248557   -9.7718 
             32.1006 -0.968622   4.22042  -1.34095  9.17073  3.54777 -1.08584       0       0 180.013 -0.00163  0.00145  0.00051   1.49339 -0.095179 -0.115489  0.00191683 -0.00207309  0.00204116   0.0434379   -0.160863 -0.00744041 -0.816939 -0.248577  -9.77176 
             32.2007 -0.819966   4.32416  -1.56045  9.31408  3.53426 -1.10693       0       0 180.013 -0.00163  0.00145  0.00051   1.47991 -0.094348 -0.147258  0.00192395 -0.00227883  0.00218981   0.0445128   -0.159519 -0.00569958 -0.817367 -0.248759  -9.77172 
             32.3007 -0.907474   4.29939  -1.67319   9.4535  3.52502 -1.12313       0       0 180.013 -0.00163  0.00145  0.00051    1.48123 -0.0982497  -0.156595  0.0019873 -0.0022499 0.00221458   0.0467284    -0.15928 -0.00537522  -0.81792 -0.248508  -9.77168 
             32.4007 -1.03003  4.25574  -1.6706  9.60029  3.51831 -1.13954       0       0 180.013 -0.00163  0.00145  0.00051    1.4918  -0.05182 -0.157562  0.00217778 -0.00220394  0.00190141   0.0471823   -0.160113 -0.00500884 -0.817907 -0.248251  -9.77169 
             32.5007 -0.980099    4.1739  -1.52214  9.74526  3.51824 -1.15807       0       0 180.013 -0.00163  0.00145  0.00051    1.55752 -0.0260936  -0.175002  0.00206459 -0.00221704  0.00159374   0.0492544   -0.161271 -0.00437276 -0.818219 -0.247694  -9.77168 
             32.6006 -0.781878   4.44111  -1.10947   9.8906  3.51981 -1.17546       0       0 180.013 -0.00163  0.00145  0.00051   1.54716 0.0235639  -0.17559  0.00180535 -0.00247314  0.00123293   0.0512261   -0.161981 -0.00418888  -0.81857 -0.247253  -9.77166 
             32.7006 -0.815389    4.6437 -0.611187 10.0338 3.52868 -1.1885       0       0 180.013 -0.00163  0.00145  0.00051   1.50666 0.0624365 -0.160539  0.00193449 -0.00253609   0.0013594   0.0541636   -0.162835 -0.00533529  -0.81913 -0.246642  -9.77163 
             32.8006  -1.01225   4.61517 -0.507745  10.1746   3.5304 -1.19899       0       0 180.013 -0.00163  0.00145  0.00051   1.48224 0.0298503 -0.147053  0.00203455 -0.00236039  0.00179649   0.0559396   -0.161241 -0.00667864 -0.819755 -0.246759  -9.77157 
             32.9007  -1.01119   4.57968 -0.423804  10.3105  3.52328 -1.20557       0       0 180.013 -0.00163  0.00145  0.00051     1.46768 -0.00676801   -0.121613  0.00197638 -0.00224982   0.0019402   0.0584723   -0.158043 -0.00822863 -0.820746 -0.247148  -9.77148 
             33.0009 -0.909733   4.54347 -0.809867  10.4518  3.51526 -1.21719       0       0 180.013 -0.00163  0.00145  0.00051    1.49009 -0.0480495  -0.129473  0.00182235 -0.00235732  0.00214527   0.0606696    -0.15615 -0.00861839 -0.821474 -0.247297  -9.77141 
              33.101 -0.963677   4.67473  -1.40051  10.5905  3.50485 -1.23808       0       0 180.013 -0.00163  0.00145  0.00051    1.46939 -0.0741564  -0.159547  0.00176195 -0.00238315  0.00220446   0.0628305   -0.154689 -0.00663018 -0.822121 -0.247367  -9.77136 
              33.201  -1.1644  4.65258 -1.75236  10.7322  3.49216 -1.25126       0       0 180.013 -0.00163  0.00145  0.00051   1.43332 -0.104151 -0.129214  0.00187985 -0.00239163  0.00204287    0.064102   -0.153179 -0.00678128 -0.822586 -0.247545  -9.77131 
              33.301 -1.47671  4.41681 -2.03117  10.8739  3.48117 -1.26023       0       0 180.013 -0.00163  0.00145  0.00051    1.49978 -0.0897674  -0.126235  0.00203119 -0.00218353  0.00171852   0.0655099   -0.152529 -0.00790694 -0.822979 -0.247506  -9.77128 
             33.4008 -1.15064  4.42757  -2.1626  11.0185  3.47396 -1.27574       0       0 180.013 -0.00163  0.00145  0.00051   1.51098 -0.071694 -0.152637  0.00168687 -0.00223896  0.00134222   0.0664811   -0.152715 -0.00777924 -0.823164 -0.247343  -9.77127 
             33.5006 -1.20838  4.34451 -1.86253  11.1629  3.47325 -1.29199       0       0 180.013 -0.00163  0.00145  0.00051    1.48574 -0.0262576  -0.163945  0.00175976 -0.00204041 0.000988975     0.06792    -0.15368 -0.00760251 -0.823342  -0.24695  -9.77126 
             33.6004 -0.955799   4.43264  -1.29543  11.3053  3.47565 -1.31021       0       0 180.013 -0.00163  0.00145  0.00051     1.46413 -0.00873497    -0.15179   0.0016432 -0.00185861 0.000551403   0.0690755   -0.154769 -0.00688158 -0.823438 -0.246572  -9.77127 
             33.7004  -0.73388    4.3494 -0.916538  11.4446  3.47404 -1.32829       0       0 180.013 -0.00163  0.00145  0.00051    1.42926 -0.0132363  -0.133191  0.00145556 -0.00182052 0.000331834   0.0700777   -0.154286 -0.00620431 -0.823707 -0.246547  -9.77124 
             33.8005 -0.658471   4.35179 -0.669249  11.5859  3.47444 -1.34532       0       0 180.013 -0.00163  0.00145  0.00051    1.45144 -0.0114816  -0.182352  0.00127857 -0.00193104 0.000203584     0.07042   -0.154722 -0.00592569 -0.823722 -0.246413  -9.77125 
             33.9008 -0.817768    4.4649  -1.10746  11.7302   3.4684 -1.36367       0       0 180.013 -0.00163  0.00145  0.00051   1.46376 -0.037648 -0.205076  0.00134015 -0.00211262 0.000710411    0.070679   -0.153634 -0.00574641 -0.823905  -0.24661  -9.77123 
              34.001 -0.826008   4.64543    -2.152  11.8805  3.45486 -1.38382       0       0 180.013 -0.00163  0.00145  0.00051    1.48507 -0.0810432  -0.195497 0.00130087 -0.0021583 0.00166345   0.0698296   -0.151421 -0.00522675 -0.823983 -0.247173   -9.7712 
             34.1011 -0.96426  4.63252 -3.34557  12.0304  3.43984 -1.39808       0       0 180.013 -0.00163  0.00145  0.00051    1.4559 -0.110377 -0.146582  0.00140056 -0.00214731  0.00258749   0.0694403   -0.149597 -0.00603053 -0.824118 -0.247591  -9.77118 
             34.2011 -1.07585  4.53799 -3.94286  12.1707   3.4265 -1.41275       0       0 180.013 -0.00163  0.00145  0.00051    1.4456 -0.124326 -0.170702  0.00146489 -0.00198664  0.00294215   0.0704968    -0.14876 -0.00632652 -0.824433 -0.247633  -9.77115 
             34.3009 -1.13475  4.44778 -4.30189  12.3134  3.41645 -1.42782       0       0 180.013 -0.00163  0.00145  0.00051    1.46969 -0.0980316  -0.173872  0.00148794 -0.00203652  0.00333781   0.071728  -0.148849 -0.0067971 -0.824669  -0.24746  -9.77114 
             34.4006 -1.15553  4.49046 -4.49411  12.4582  3.40145 -1.44086       0       0 180.013 -0.00163  0.00145  0.00051   1.48629  -0.11683 -0.170006 0.00148434 -0.0020006 0.00351418     0.07271   -0.147258 -0.00765647 -0.825081  -0.24764   -9.7711 
             34.5003 -0.981727    4.4722   -4.0102  12.6042  3.39278 -1.45571       0       0 180.013 -0.00163  0.00145  0.00051    1.49599 -0.0820252  -0.157884  0.00140389 -0.00187106  0.00312165   0.0740874   -0.147616 -0.00804818 -0.825297 -0.247381  -9.77109 
             34.6002 -1.09865  4.59963 -3.50149  12.7514  3.39308 -1.46866       0       0 180.013 -0.00163  0.00145  0.00051     1.4668 -0.0426888  -0.162298  0.00158117 -0.00181361  0.00296539   0.0746481   -0.149701 -0.00886147 -0.825108 -0.246904  -9.77112 
             34.7003 -1.13079  4.41968 -3.31082  12.8873  3.38895 -1.48543       0       0 180.013 -0.00163  0.00145  0.00051    1.44095 -0.0561101  -0.162835   0.0015306 -0.00158616  0.00294332 0.0769344 -0.149392 -0.008408 -0.825578 -0.246641  -9.77108 
             34.8004 -0.909617   4.28664  -3.15848  13.0306  3.38258 -1.50179       0       0 180.013 -0.00163  0.00145  0.00051    1.46567 -0.0547959  -0.182082  0.00130861 -0.00156454  0.00303051   0.0774091   -0.149098 -0.00838902 -0.825707  -0.24663  -9.77107 
             34.9006 -0.670292   4.08046  -3.33332  13.1796   3.3695 -1.51949       0       0 180.013 -0.00163  0.00145  0.00051   1.49126  -0.11159 -0.154958  0.00104818 -0.00132507  0.00332637   0.0772354   -0.147819 -0.00811418 -0.825842 -0.246894  -9.77105 
             35.0008 -0.66471  4.01515 -3.94587  13.3343  3.34792 -1.53227       0       0 180.013 -0.00163  0.00145  0.00051   1.48354 -0.170994 -0.144381 0.000907967 -0.00124886  0.00354639   0.0759861   -0.145946 -0.00879881 -0.825855 -0.247408  -9.77104 
             35.1008 -0.816804   4.04713  -4.06598  13.4768  3.32337 -1.54102       0       0 180.013 -0.00163  0.00145  0.00051   1.45552 -0.198821 -0.136642 0.000946049 -0.00120655  0.00319637 0.0773467 -0.143709 -0.010255 -0.826398 -0.247642  -9.77099 
             35.2007 -0.841128   4.15224  -3.65983  13.6192  3.30813 -1.55371       0       0 180.013 -0.00163  0.00145  0.00051   1.48553 -0.197507 -0.144381 0.000914265 -0.00132629  0.00249409  0.0784799  -0.144891 -0.0102383 -0.826451 -0.247277  -9.77099 
             35.3007 -0.839652   4.11668  -3.27948  13.7642  3.30289 -1.57039       0       0 180.013 -0.00163  0.00145  0.00051   1.47721 -0.150098 -0.131875 0.000977519 -0.00141794  0.00188862  0.0794247    -0.1486 -0.0093333 -0.826129 -0.246483  -9.77104 
             35.4006 -1.05036  3.88057  -2.8506  13.9151  3.30463 -1.59123       0       0 180.013 -0.00163  0.00145  0.00051   1.57319  -0.07974 -0.159626  0.00129691 -0.00138443  0.00137332   0.0799792   -0.152708 -0.00789872 -0.825685 -0.245674   -9.7711 
             35.5005 -1.12611   3.8454 -2.29144 14.0632 3.30857 -1.6099       0       0 180.013 -0.00163  0.00145  0.00051    1.50017 -0.0393793  -0.162328  0.00144198 -0.00129792  0.00112859   0.0814058   -0.155593 -0.00724817 -0.825568 -0.244976  -9.77113 
             35.6004 -1.34364  3.97116 -1.69699   14.207  3.30928 -1.62155       0       0 180.013 -0.00163  0.00145  0.00051    1.44432 -0.0232581  -0.166531   0.0018239 -0.00128841 0.000960815   0.0830442   -0.156491 -0.00829518  -0.82576 -0.244613  -9.77112 
             35.7004 -1.08855  4.36745   -1.109  14.3491  3.31393 -1.63347       0       0 180.013 -0.00163  0.00145  0.00051   1.45502 0.0114848 -0.156557  0.00185018 -0.00155024 0.000797246   0.0843547    -0.15773 -0.00917332 -0.825861 -0.244236  -9.77112 
             35.8006 -1.06739  4.45615 -1.28079  14.4745  3.31071 -1.64632       0       0 180.013 -0.00163  0.00145  0.00051    1.48777 -0.0461234  -0.165059  0.00183294 -0.00158681  0.00100205   0.0848096   -0.157054 -0.00913915 -0.826012 -0.244308  -9.77111 
             35.9008  -1.2734  4.24853 -1.96769   14.642   3.2992 -1.66311       0       0 180.013 -0.00163  0.00145  0.00051    1.45929 -0.0708316  -0.150541  0.00188634 -0.00130647  0.00109963 0.0858116 -0.155454 -0.009345 -0.826349 -0.244491  -9.77107 
             36.0009 -1.31347  4.10379 -2.62836 14.7775 3.28765 -1.6711       0       0 180.013 -0.00163  0.00145  0.00051    1.43293 -0.0838802  -0.143367   0.00184781 -0.000951956  0.000549447  0.0881688  -0.153786 -0.0106545 -0.826936 -0.244549  -9.77102 
             36.1009 -1.78269  3.97642 -2.71406  14.9136   3.2788 -1.68063       0       0 180.013 -0.00163  0.00145  0.00051    1.42298 -0.0710154  -0.123184   0.00214535 -0.000886291  9.78349e-06  0.0899745  -0.153051 -0.0116114 -0.827331 -0.244492  -9.77099 
             36.2007 -1.53416   4.0193 -2.61833  15.0398   3.2744 -1.69143       0       0 180.013 -0.00163  0.00145  0.00051    1.41726 -0.0583446  -0.118832   0.00188678 -0.000872227 -0.000625985  0.0914034  -0.153365 -0.0116982 -0.827544 -0.244289  -9.77098 
             36.3005 -1.45499  4.06697 -2.28964  15.1916  3.27391 -1.70987       0       0 180.013 -0.00163  0.00145  0.00051    1.45463 -0.0183474  -0.122295   0.00179461 -0.000971732  -0.00130997   0.091608  -0.154416 -0.0106684 -0.827458 -0.244095  -9.77099 
             36.4004 -1.42401  3.93444 -1.50409  15.3348  3.27988 -1.72511       0       0 180.013 -0.00163  0.00145  0.00051   1.43975 0.0516953 -0.141433   0.00196852 -0.000881691  -0.00194797   0.092125  -0.155614 -0.0103383 -0.827413  -0.24384    -9.771 
             36.5004 -1.34125  3.80589 -1.21046  15.4711  3.28207 -1.73485       0       0 180.013 -0.00163  0.00145  0.00051   1.38857 0.0364479 -0.132607    0.0018124 -0.000734782   -0.0017328 0.0937877 -0.154859  -0.01124 -0.827775 -0.243785  -9.77097 
             36.6005  -1.1788  3.50513 -1.33474 15.5995 3.28089 -1.7437       0       0 180.013 -0.00163  0.00145  0.00051   1.33278 0.0265907 -0.106207   0.00149997 -0.000389267  -0.00124919  0.0961732  -0.153512 -0.0117851 -0.828306 -0.243769  -9.77092 
             36.7006  -1.5606  3.60926 -1.80841  15.7229  3.27533 -1.75968       0       0 180.013 -0.00163  0.00145  0.00051    1.32822 -0.0198994  -0.116543   0.00175436  -0.00050812 -0.000609081  0.0984394  -0.151294 -0.0106144 -0.828873 -0.243941  -9.77087 
             36.8008 -1.43025  3.58469 -2.70697  15.8515  3.26778 -1.77237       0       0 180.013 -0.00163  0.00145  0.00051   1.36614 -0.034132 -0.120481   0.00173682 -0.000669713   0.00024266  0.0994491  -0.149662 -0.0103572  -0.82918 -0.244125  -9.77084 
             36.9008 -1.43499  3.70591 -3.44589   15.985  3.26361 -1.78595       0       0 180.013 -0.00163  0.00145  0.00051    1.33094 -0.0197063  -0.124086   0.00188451 -0.000931904   0.00073434   0.0995233   -0.149192 -0.00992515 -0.829229   -0.2442  -9.77084 
             37.0007  -1.4893  3.65119 -3.91252 16.1167 3.25917 -1.8042       0       0 180.013 -0.00163  0.00145  0.00051     1.3351 -0.0186859  -0.138371  0.00185829 -0.00092923 0.000784592  0.0999054  -0.148604 -0.0087479 -0.829331 -0.244271  -9.77083 
             37.1006 -1.29167  3.89826  -3.8301  16.2461  3.26144 -1.82117       0       0 180.013 -0.00163  0.00145  0.00051   1.33428 0.0119528 -0.152001  0.00162892 -0.00104149 0.000726963    0.100664   -0.149113 -0.00801435 -0.829391 -0.244121  -9.77082 
             37.2005 -1.30011   3.9089 -3.75662  16.3768   3.2665 -1.83478       0       0 180.013 -0.00163  0.00145  0.00051   1.34564 0.0916971 -0.128229   0.0016568 -0.00101908  0.00100752    0.101282   -0.148782 -0.00807058 -0.829524 -0.244108  -9.77081 
             37.3003 -1.39386  4.08167 -3.75107   16.504   3.2741 -1.84815       0       0 180.013 -0.00163  0.00145  0.00051   1.28131  0.110407 -0.127358  0.00157869 -0.00108421  0.00118088    0.102157   -0.147707 -0.00794406 -0.829773 -0.244183  -9.77079 
             37.4003 -1.66186  4.07494 -3.60491  16.6334  3.27688 -1.85979       0       0 180.013 -0.00163  0.00145  0.00051   1.32198 0.0854153 -0.149479  0.00145597 -0.00126458  0.00136173    0.102063   -0.145845 -0.00830059 -0.829965 -0.244476  -9.77077 
             37.5003  -1.2806  4.12424 -3.33311  16.7643  3.27768 -1.87331       0       0 180.013 -0.00163  0.00145  0.00051    1.3031  0.092352 -0.146331 0.000979357 -0.00136661   0.0015195    0.101903   -0.143875 -0.00840716 -0.830153 -0.244793  -9.77074 
             37.6003 -1.15765   4.1038 -3.16372  16.8922  3.27281 -1.88293       0       0 180.013 -0.00163  0.00145  0.00051    1.31292 0.00397629  -0.108457   0.0008571 -0.00113968  0.00196674    0.102627   -0.141359 -0.00904006  -0.83053 -0.245093   -9.7707 
             37.7005 -1.14348  3.99244 -3.47889  17.0195  3.26008 -1.89357       0       0 180.013 -0.00163  0.00145  0.00051     1.2789 -0.0896074  -0.101121   0.00087573 -0.000935713   0.00246601    0.102704   -0.138587 -0.00903515 -0.830822 -0.245505  -9.77067 
             37.8008  -1.3675  3.99475 -4.78912  17.1423  3.24238 -1.90174       0       0 180.013 -0.00163  0.00145  0.00051   1.23086 -0.110505 -0.099779  0.000940269 -0.000901738   0.00347148     0.10306    -0.13611 -0.00925087 -0.83112 -0.24584 -9.77063 
             37.9009  -1.4393  3.95917 -5.83484  17.2723   3.2262 -1.91501       0       0 180.013 -0.00163  0.00145  0.00051   1.27332 -0.102501 -0.113194 0.000884968 -0.00115308  0.00392118    0.102123   -0.135143 -0.00864889 -0.831076 -0.246081  -9.77063 
             38.0007 -1.73755  4.31373 -6.23898  17.3993    3.213 -1.92428       0       0 180.013 -0.00163  0.00145  0.00051   1.27872 -0.128847 -0.102606 0.000988602 -0.00158204  0.00394553  0.102303 -0.134534 -0.008885 -0.831169 -0.246149  -9.77062 
             38.1005 -1.4576 4.32265 -6.2336  17.5324  3.20446 -1.93866       0       0 180.013 -0.00163  0.00145  0.00051   1.35707 -0.117804 -0.127206 0.000615324 -0.00169608  0.00377715    0.102339   -0.135747 -0.00829162  -0.83103 -0.245976  -9.77064 
             38.2003 -1.31427  4.42535 -6.13053  17.6633  3.19964 -1.95581       0       0 180.013 -0.00163  0.00145  0.00051    1.3284 -0.049641 -0.117837 0.000575414 -0.00164194  0.00375348    0.103138   -0.136839 -0.00713845 -0.831001 -0.245736  -9.77065 
             38.3001 -1.33531  4.21786 -5.75772  17.7918   3.1967 -1.96098       0       0 180.013 -0.00163  0.00145  0.00051    1.29622  -0.070168 -0.0962067 0.000612889 -0.00150148  0.00380579    0.103863   -0.137549 -0.00869091 -0.831017 -0.245543  -9.77065 
             38.4001  -1.1335  4.13389 -5.63586  17.9196  3.19151 -1.96663       0       0 180.013 -0.00163  0.00145  0.00051    1.24523 -0.0451096 -0.0829876 0.000520104 -0.00156659  0.00393683    0.103662   -0.137847 -0.00961412 -0.830958 -0.245523  -9.77066 
             38.5002 -1.27302  3.93851 -5.61595  18.0478  3.18556 -1.97707       0       0 180.013 -0.00163  0.00145  0.00051   1.31313 -0.059242 -0.103119 0.000697577 -0.00160968  0.00401118     0.10331   -0.137424 -0.00940081 -0.830962 -0.245624  -9.77065 
             38.6004 -1.42734  4.13691 -5.75371  18.1784  3.17293 -1.99137       0       0 180.013 -0.00163  0.00145  0.00051    1.31874   -0.11044 -0.0960352 0.000664927 -0.00189684  0.00392594    0.103386     -0.1361 -0.00841026 -0.831123 -0.245794  -9.77063 
             38.7006 -1.14889  4.31595 -6.04907  18.3169  3.15712 -2.00138       0       0 180.013 -0.00163  0.00145  0.00051   1.37546 -0.157306 -0.114061 0.000279732 -0.00191263  0.00356196    0.102354    -0.13569 -0.00861443 -0.831038 -0.245969  -9.77064 
              38.801 -1.15839  4.54446 -6.75689  18.4551  3.14459 -2.00995       0       0 180.013 -0.00163  0.00145  0.00051   1.38918 -0.147098 -0.119613 0.000352437 -0.00205356  0.00351824    0.102487    -0.13643 -0.00932577 -0.830973 -0.245855  -9.77065 
             38.9012 -1.18095   4.5626 -8.00985  18.5887   3.1295 -2.02339       0       0 180.013 -0.00163  0.00145  0.00051    1.3955 -0.154709 -0.118398 0.000562569 -0.00197199  0.00418768    0.103463   -0.136218 -0.00871334 -0.831119 -0.245768  -9.77064 
             39.0011 -1.46541  4.63016 -8.84743  18.7201  3.11153 -2.04388       0       0 180.013 -0.00163  0.00145  0.00051   1.39115 -0.173454 -0.139884  0.00073469 -0.00201035  0.00466329    0.104891   -0.135508 -0.00679427 -0.831375 -0.245684  -9.77062 
             39.1009 -1.54059  4.61765 -9.39477  18.8495   3.0922 -2.06692       0       0 180.013 -0.00163  0.00145  0.00051     1.412 -0.173769 -0.167325 0.000813137 -0.00187196  0.00503711    0.107473    -0.13444 -0.00472399  -0.83182 -0.245482  -9.77058 
             39.2006 -1.62393  4.68973 -9.58207  18.9789  3.07271 -2.09275       0       0 180.013 -0.00163  0.00145  0.00051   1.39517 -0.161881 -0.178788 0.000864905 -0.00171552  0.00516309   0.110052  -0.132693 -0.0022337 -0.832358 -0.245339  -9.77054 
             39.3003 -1.58035  4.68748 -9.45111  19.1035  3.05754 -2.11031       0       0 180.013 -0.00163  0.00145  0.00051  1.31791 -0.17523 -0.16866 0.000762676 -0.00155463  0.00513286  0.112919 -0.132177 -0.002172 -0.832759 -0.244993  -9.77052 
                39.4 -1.43046  4.64213 -8.95763  19.2274  3.04072 -2.12225       0       0 180.013 -0.00163  0.00145  0.00051   1.28316 -0.175279 -0.153082 0.000638858 -0.00148938  0.00480436    0.114388   -0.131958 -0.00332335 -0.832953 -0.244805   -9.7705 
             39.4999 -1.40633  4.49156 -8.25747  19.3528  3.02972 -2.13411       0       0 180.013 -0.00163  0.00145  0.00051   1.30314 -0.200846 -0.155261 0.000641676 -0.00150011  0.00435694    0.116406   -0.133914 -0.00453126 -0.832889 -0.244293  -9.77052 
             39.5999 -1.51752  4.41654 -7.77153  19.4814  3.01806 -2.14576       0       0 180.013 -0.00163  0.00145  0.00051   1.35589 -0.194233 -0.162225 0.000957145 -0.00139356  0.00392135    0.118187   -0.135574 -0.00542546 -0.832847 -0.243852  -9.77054 
             39.7002 -1.41765  4.44606 -7.82908 19.6136  3.0007 -2.1604       0       0 180.013 -0.00163  0.00145  0.00051   1.37382  -0.22802 -0.150224 0.000854039 -0.00142568  0.00344049    0.119652   -0.136311 -0.00550927 -0.832908 -0.243565  -9.77054 
             39.8005 -1.41778  4.48652 -8.15091  19.7446  2.98661 -2.17472       0       0 180.013 -0.00163  0.00145  0.00051   1.34832 -0.215932 -0.162482 0.000719901 -0.00131258  0.00277074    0.121807   -0.138437 -0.00583816 -0.832866 -0.243034  -9.77056 
             39.9008 -1.48787  4.51534 -8.69929  19.8738  2.97203 -2.19069       0       0 180.013 -0.00163  0.00145  0.00051    1.3247 -0.160289  -0.15044 0.000735365 -0.00119913  0.00245721    0.123498    -0.13958 -0.00569472 -0.832905 -0.242683  -9.77056 
             40.0008 -1.56465  4.50447 -8.80188  20.0029  2.95654 -2.20281       0       0 180.013 -0.00163  0.00145  0.00051   1.32648  -0.18813 -0.134184 0.000747749 -0.00110161  0.00228879    0.124821   -0.139753 -0.00642792 -0.833027 -0.242491  -9.77055 
             40.1007 -1.51058  4.63497 -8.62716   20.138   2.9341 -2.21122       0       0 180.013 -0.00163  0.00145  0.00051   1.36218  -0.19487 -0.135752 0.000719801 -0.00117308  0.00211805    0.124701   -0.138721 -0.00787168 -0.833147 -0.242619  -9.77054 
             40.2006  -1.5465  4.72895 -8.19184  20.2673  2.91222 -2.22883       0       0 180.013 -0.00163  0.00145  0.00051   1.37747 -0.208905 -0.120995 0.000838188 -0.00128824  0.00180238    0.126281   -0.137544 -0.00661414 -0.833467 -0.242543  -9.77052 
             40.3004 -1.86221   5.1404 -8.14911  20.3927  2.89422 -2.23474       0       0 180.013 -0.00163  0.00145  0.00051   1.37002 -0.191172 -0.119664  0.00119675 -0.00181573  0.00199381    0.126363   -0.137251 -0.00819232 -0.833513 -0.242563  -9.77051 
             40.4003 -1.8283 5.18757 -7.2511  20.5259  2.87829 -2.24558       0       0 180.013 -0.00163  0.00145  0.00051   1.34938 -0.165813  -0.11586  0.00129474 -0.00192032  0.00136264    0.128416   -0.137544 -0.00845959 -0.833694 -0.242273   -9.7705 
             40.5002 -1.97678   5.1157 -6.58198   20.658  2.86871 -2.25541       0       0 180.013 -0.00163  0.00145  0.00051   1.37755 -0.155913 -0.122909  0.00140337 -0.00194663  0.00075564    0.130253   -0.139164 -0.00909801 -0.833694 -0.241872  -9.77051 
             40.6003 -1.99386  5.06826  -6.2464   20.785  2.85816 -2.26082       0       0 180.013 -0.00163  0.00145  0.00051   1.40071 -0.163925 -0.111096  0.00141703 -0.00183611 0.000512605   0.134289  -0.139389 -0.0106503 -0.834092 -0.241374  -9.77049 
             40.7004 -1.64724  5.06211 -6.41083  20.9128  2.84635 -2.26538       0       0 180.013 -0.00163  0.00145  0.00051   1.38883 -0.161517 -0.102361  0.00120669 -0.00161846 0.000515866   0.137788  -0.139651 -0.0119372 -0.834433 -0.240956  -9.77047 
             40.8005 -1.90069  4.69189 -6.99053  21.0332  2.83112 -2.27687       0       0 180.013 -0.00163  0.00145  0.00051    1.33836  -0.181551 -0.0935513  0.00132363 -0.00119814 6.68792e-05    0.14195  -0.139513 -0.0115131 -0.834894 -0.240538  -9.77044 
             40.9007 -1.85606  4.67368 -7.21522  21.1515  2.81275 -2.28935       0       0 180.013 -0.00163  0.00145  0.00051   1.25601 -0.192456 -0.107301  0.00125657 -0.00101953 -0.00089655   0.144568  -0.138845 -0.0108524 -0.835244 -0.240346  -9.77042 
             41.0007 -2.06029  4.56167 -7.47578  21.2754  2.79163 -2.30435       0       0 180.013 -0.00163  0.00145  0.00051   1.25509 -0.186034 -0.101533   0.00130478 -0.000872542  -0.00137604    0.14691  -0.137638 -0.0100539 -0.835621 -0.240239  -9.77039 
             41.1006 -2.09864  4.60948 -7.65026 21.3911 2.77618 -2.3193       0       0 180.013 -0.00163  0.00145  0.00051   1.26769 -0.164194 -0.121075   0.00129412 -0.000792864  -0.00161208   0.147666  -0.137634 -0.0091058 -0.835706 -0.240165  -9.77038 
             41.2003 -1.93644  4.57643 -7.35756 21.5231 2.76102 -2.3347       0       0 180.013 -0.00163  0.00145  0.00051   1.29372 -0.126333 -0.139663   0.00122216 -0.000658414  -0.00195903    0.148718   -0.137438 -0.00864976 -0.835838 -0.240077  -9.77037 
             41.3001 -1.85742  4.56914 -6.78482  21.6447  2.75475 -2.34471       0       0 180.013 -0.00163  0.00145  0.00051    1.26178 -0.0884075  -0.118562   0.00126068 -0.000569786   -0.0023112    0.150298   -0.138381 -0.00921338 -0.835897 -0.239806  -9.77038 
             41.3999 -1.88408  4.72876 -5.82041  21.7623  2.74782 -2.35046       0       0 180.013 -0.00163  0.00145  0.00051     1.2044 -0.0601416 -0.0838714   0.00140534 -0.000663815  -0.00259463   0.151928  -0.137907 -0.0102411 -0.836108 -0.239677  -9.77036 
             41.4997 -1.77384  4.63134  -4.8942  21.8748  2.74117 -2.36222       0       0 180.013 -0.00163  0.00145  0.00051    1.21524 -0.0811685  -0.103563   0.00128206 -0.000620912  -0.00278714    0.153695   -0.137502 -0.00973185 -0.836328 -0.239547  -9.77035 
             41.5997 -1.59698  4.59302 -3.89877   21.994  2.73306 -2.37535       0       0 180.013 -0.00163  0.00145  0.00051    1.24577 -0.0850729  -0.109873    0.0011529 -0.000726933  -0.00322451     0.15475   -0.137413 -0.00927175 -0.836444 -0.239463  -9.77034 
             41.6998 -1.09675  4.60321 -2.98003  22.0731  2.72866 -2.39087       0       0 180.013 -0.00163  0.00145  0.00051   1.24935 -0.102601 -0.132135  0.000858043 -0.000707465  -0.00389622    0.156164   -0.137881 -0.00751162 -0.836555 -0.239311  -9.77033 
                41.8 -1.03739  4.59718 -2.12614  22.1893  2.72332 -2.40646       0       0 180.013 -0.00163  0.00145  0.00051   1.21629 -0.106388 -0.133489  0.000935427 -0.000666672  -0.00484802    0.158674   -0.139186 -0.00688622 -0.836723 -0.238987  -9.77033 
                41.9 -0.94131  4.52123 -1.06142  22.3294  2.72099 -2.41865       0       0 180.013 -0.00163  0.00145  0.00051    1.11593 -0.0717015   -0.13746  0.000958565 -0.000476979  -0.00631684    0.163055   -0.141558 -0.00773278 -0.837041 -0.238445  -9.77031 
             41.9998 -0.824722   4.50096   0.95353  22.4247  2.73191 -2.42604       0       0 180.013 -0.00163  0.00145  0.00051   1.10215 -0.022196 -0.119808  0.000951882 -0.000412809  -0.00838135     0.16778   -0.145601 -0.00865092 -0.837344 -0.237753   -9.7703 
             42.0993 -0.50576  4.48271  4.39977 22.5169 2.75826 -2.4362       0       0 180.013 -0.00163  0.00145  0.00051   1.06657 0.0744997 -0.117394 0.000877224 -0.00018768  -0.0111296    0.171851   -0.151466 -0.00893019 -0.837561 -0.236944   -9.7703 
             42.1987 -0.0299006    4.54777     8.1541  22.5918  2.75571 -2.44319       0       0 180.013 -0.00163  0.00145  0.00051   1.03954 0.0618803 -0.112212 0.000577413 1.48467e-05  -0.0141558    0.172411   -0.149212 -0.00931451 -0.837663 -0.237184  -9.77029 
              42.298 -0.0807356    5.03436    9.68891  22.6739  2.79342 -2.43338       0       0 180.013 -0.00163  0.00145  0.00051   0.941413   0.170718 -0.0480532 0.000692396 -0.00022832  -0.0152121   0.177302  -0.156138 -0.0132972 -0.838207 -0.236404  -9.77026 
             42.3975 0.465812  4.16232  11.1687  22.7423  2.83379 -2.45397       0       0 180.013 -0.00163  0.00145  0.00051    0.77896   0.224144 -0.0625836 0.000406592 0.000626432  -0.0157351    0.180892   -0.162132 -0.00955959 -0.838725 -0.235861  -9.77023 
             42.4974 1.13762 3.45964  12.677   22.818  2.87993 -2.47724       0       0 180.013 -0.00163  0.00145  0.00051  0.711309  0.226945 -0.106862 -8.44074e-05   0.00104136   -0.0163651    0.185011   -0.167116 -0.00645144 -0.839383 -0.235591  -9.77018 
             42.5979 1.50247 2.35896 13.6088  22.8764  2.94645 -2.51272       0       0 180.013 -0.00163  0.00145  0.00051  0.642621  0.299021 -0.156623 -0.000196603   0.00177597   -0.0168295     0.185142    -0.176683 -0.000438771 -0.840116 -0.234674  -9.77014 
             42.6988 1.21812 2.43811 13.9518  22.9513   2.9925 -2.52558       0       0 180.013 -0.00163  0.00145  0.00051  0.656635  0.308543 -0.128964 0.000101627  0.00148531  -0.0170429    0.182996   -0.179261 -0.00107431  -0.84019 -0.234222  -9.77014 
             42.7997 1.59704 1.76457  14.293  22.9922  3.03307 -2.53507       0       0 180.013 -0.00163  0.00145  0.00051  0.550654  0.309357 -0.133243 -0.000118158   0.00197958   -0.0173917   0.186968  -0.183175 -0.0019309 -0.840971 -0.234427  -9.77007 
             42.9006   1.1923 0.931117   14.147  23.0315  3.05658 -2.54242       0       0 180.013 -0.00163  0.00145  0.00051 0.415318 0.266478 -0.11031 0.000167822  0.00261631   -0.017617    0.189656    -0.18272 -0.00313308 -0.841115 -0.234836  -9.77005 
             43.0013  1.3006  0.6822 14.0218  23.0664  3.07158 -2.54868       0       0 180.013 -0.00163  0.00145  0.00051   0.333495    0.19856 -0.0887591 -6.5677e-05  0.00276509  -0.0177751    0.191302   -0.181128 -0.00422553 -0.841027 -0.235192  -9.77005 
             43.1017    1.1219 0.0202879   14.4232  23.0841  3.07854 -2.55257       0       0 180.013 -0.00163  0.00145  0.00051   0.213019   0.178975 -0.0915347 0.000154044  0.00337575  -0.0181103    0.19491  -0.178949 -0.0054889  -0.84099 -0.235862  -9.77004 
             43.2018   1.26599 -0.113778    15.163  23.1039   3.0813 -2.55242       0       0 180.013 -0.00163  0.00145  0.00051   0.126029    0.12471 -0.0585255 6.11777e-05  0.00349001  -0.0183535    0.195538   -0.175815 -0.00738615 -0.840661 -0.236203  -9.77006 
             43.3014    1.2015 -0.670437   16.0379  23.1035  3.10596 -2.55611       0       0 180.013 -0.00163  0.00145  0.00051 -0.0219439   0.129152 -0.0505201 0.000121459  0.00392779  -0.0184966    0.195674    -0.17953 -0.00759016 -0.841184 -0.235981  -9.77002 
             43.4008    1.0675 -0.933095   17.4918  23.0947  3.10597 -2.56188       0       0 180.013 -0.00163  0.00145  0.00051  -0.184583  0.0736543 -0.0645059 0.000301496  0.00408339  -0.0189511    0.196425   -0.176774 -0.00724024 -0.840832 -0.236253  -9.77004 
             43.5004 1.11108 -1.3843 18.7988  23.0698  3.11979 -2.57445       0       0 180.013 -0.00163  0.00145  0.00051  -0.312625  0.0723233 -0.0780693 0.000297724  0.00438561  -0.0190405    0.196379   -0.178623 -0.00537454 -0.841004  -0.23608  -9.77003 
             43.6003  1.07204 -1.47075  20.1039   23.018  3.12469 -2.57937       0       0 180.013 -0.00163  0.00145  0.00051   -0.46677  0.0440562 -0.0539092 0.000459363  0.00443331   -0.019054    0.200249   -0.179764 -0.00574456 -0.841383  -0.23662  -9.76998 
             43.7003  1.49679 -1.20747   21.882  22.9414  3.12066 -2.58649       0       0 180.013 -0.00163  0.00145  0.00051   -0.65129 -0.0138384 -0.0434874 0.000173333  0.00408243  -0.0196167    0.205538   -0.180244 -0.00542307 -0.841657 -0.237455  -9.76994 
             43.8005  1.90931 -1.08569  23.3371   22.864  3.13607 -2.58769       0       0 180.013 -0.00163  0.00145  0.00051  -0.785755  0.0248596 -0.0416789 -0.000213091   0.00386654   -0.0197936    0.204367   -0.184244 -0.00616803 -0.842343 -0.237109  -9.76989 
             43.9009  1.68764 -1.26835  25.4019  22.7688  3.16804 -2.59157       0       0 180.013 -0.00163  0.00145  0.00051   -1.00327  0.0958439 -0.0219609 -0.000113317   0.00388007   -0.0201003    0.201825   -0.190838 -0.00583187 -0.843464 -0.236411  -9.76981 
             44.0015  1.62638 -1.33232  30.9213 22.6977 3.19474 -2.5977       0       0 180.013 -0.00163  0.00145  0.00051   -1.09241   0.156635 -0.0323935 -0.000136562    0.0037243   -0.0222735    0.190305   -0.188981 -0.00435642  -0.84291 -0.234042  -9.76991 
             44.1018  1.90343 -1.38329  36.2934 22.6656 3.22582  -2.588       0       0 180.013 -0.00163  0.00145  0.00051    -1.06293     0.20542 -0.00591195 -0.000425173   0.00343779   -0.0228825    0.168015   -0.178521 -0.00623802 -0.840968 -0.229162   -9.7702 
              44.202  2.06603 -1.38807  41.3236  22.6096  3.24267 -2.57554       0       0 180.013 -0.00163  0.00145  0.00051 -1.14179 0.177606 0.049168 -0.000490595   0.00338872   -0.0216288    0.156484   -0.168427 -0.00839018 -0.839129 -0.226083  -9.77043 
             44.3021  2.23466 -1.80249   48.709  22.5184   3.2417 -2.57277       0       0 180.013 -0.00163  0.00145  0.00051 -1.26626 0.100026 0.043073 -0.000623315   0.00352275   -0.0214038    0.151803   -0.157525 -0.00745588 -0.836685 -0.224055  -9.77068 
             44.4021  2.18237 -1.87165  58.0718  22.3837   3.2592 -2.56129       0       0 180.013 -0.00163  0.00145  0.00051  -1.46254 0.0462596 0.0577356 -0.000638061   0.00329305   -0.0210317    0.149168   -0.158941 -0.00913134 -0.837427 -0.223486  -9.77063 
              44.502  2.26525 -1.91773  67.2929  22.2112  3.28292 -2.54644       0       0 180.013 -0.00163  0.00145  0.00051  -1.68884 0.0336474 0.0974209 -0.000910905   0.00321599   -0.0207326   0.146609  -0.166214 -0.0110385 -0.839987 -0.223961   -9.7704 
             44.6016  2.18645 -2.71305  76.9496  22.0123   3.2906 -2.54008       0       0 180.013 -0.00163  0.00145  0.00051   -1.89246 -0.0387367  0.0835361 -0.00127818  0.00345185  -0.0208117   0.146609  -0.173065 -0.0104349 -0.841958 -0.225503   -9.7702 
             44.7009 2.46999 -2.9966 86.2536   21.807  3.29402 -2.51917       0       0 180.013 -0.00163  0.00145  0.00051  -2.03358 -0.180429  0.102484 -0.00188054  0.00357708  -0.0210189   0.142842  -0.177295 -0.0131178 -0.844291 -0.225644  -9.76999 
             44.8003  2.01801 -2.96977  95.7131  21.6125  3.27205 -2.49722       0       0 180.013 -0.00163  0.00145  0.00051  -2.11496 -0.316525  0.148031 -0.00152791  0.00361998  -0.0212326   0.141962  -0.173321 -0.0151085 -0.843577  -0.22408  -9.77009 
             44.9001  2.16452 -3.06777  104.616 21.4191 3.22864 -2.4727       0       0 180.013 -0.00163  0.00145  0.00051  -2.14724 -0.476658  0.171742 -0.00121018  0.00346262  -0.0213377   0.144251  -0.168222 -0.0169133 -0.841506 -0.222728   -9.7703 
             45.0001  2.27553 -3.45482  113.131  21.2138  3.18511 -2.44199       0       0 180.013 -0.00163  0.00145  0.00051  -2.18951 -0.568878  0.203662 -0.00111915  0.00367065  -0.0213835   0.143253  -0.164412 -0.0190436 -0.841149 -0.220931  -9.77037 
             45.1002  2.17497 -3.82911  121.148  20.9977  3.12678 -2.43132       0       0 180.013 -0.00163  0.00145  0.00051  -2.2725 -0.69205 0.193137 -0.00105199  0.00375018  -0.0212763   0.143402  -0.161384 -0.0174081 -0.840524 -0.219532  -9.77046 
             45.2004  2.19992 -4.41101  130.208 20.7799 3.06733 -2.4028       0       0 180.013 -0.00163  0.00145  0.00051  -2.31552 -0.789628  0.220825 -0.00107713  0.00401558    -0.02158    0.14212  -0.155273 -0.0187433 -0.840188 -0.216477  -9.77055 
             45.3005  2.07531 -5.08058  139.416  20.5726  2.98484 -2.38166       0       0 180.013 -0.00163  0.00145  0.00051  -2.28608 -0.922255  0.233607 -0.00109539   0.0040808  -0.0216074   0.146665  -0.148525 -0.0186385 -0.837138 -0.213801  -9.77087 
             45.4004  1.80772 -5.98631  149.075   20.375  2.87611 -2.37548       0       0 180.013 -0.00163  0.00145  0.00051 -2.17419 -1.11766 0.187014 -0.00101933  0.00384975    -0.02157   0.154811  -0.144409 -0.0166316 -0.832714 -0.212575  -9.77128 
             45.5004 1.03645 -6.6445 158.088  20.1801  2.75307 -2.36297       0       0 180.013 -0.00163  0.00145  0.00051 -2.06538 -1.27475 0.156688 -0.000814824   0.00376583   -0.0213548    0.15997  -0.142702 -0.0161885 -0.830008 -0.212095  -9.77152 
             45.6005 0.512731 -7.19557   166.68   20.003  2.61487 -2.32348       0       0 180.013 -0.00163  0.00145  0.00051 -1.98597  -1.3881 0.203653 -0.000708608   0.00345166   -0.0212873   0.167976  -0.140805 -0.0204598 -0.825839 -0.211544  -9.77188 
             45.7007 0.415025 -7.87617  174.823  19.8291  2.47408 -2.28109       0       0 180.013 -0.00163  0.00145  0.00051 -1.85343 -1.43338 0.258515 -0.000654403   0.00324374   -0.0212596  0.173505 -0.138768 -0.024224 -0.822957 -0.210638  -9.77215 
             45.8009 -0.391674  -8.21041  -177.781  19.6563  2.37672 -2.24338       0       0 180.013 -0.00163  0.00145  0.00051 -1.76057  -1.3622 0.283765 0.000430781  0.00355775  -0.0213139    0.17343  -0.126138 -0.0261612 -0.822988 -0.204176  -9.77228 
             45.9011 -2.12882 -8.19422 -171.794  19.4727  2.21682 -2.19155       0       0 180.013 -0.00163  0.00145  0.00051  -1.7039 -1.46876 0.352098 0.000447311  0.00389418  -0.0212365   0.169066  -0.132019 -0.0292624  -0.82495 -0.207346  -9.77205 
             46.0011 -2.91493 -8.38131 -167.204   19.338  2.08279 -2.14904       0       0 180.013 -0.00163  0.00145  0.00051 -1.52322 -1.47463 0.374581 0.000857956  0.00331203  -0.0211079   0.177984  -0.128151 -0.0312076 -0.820689 -0.204907  -9.77246 
             46.1011 -2.91964  -8.4676 -162.893 19.1989 1.97522 -2.1115       0       0 180.013 -0.00163  0.00145  0.00051 -1.42742 -1.40325 0.359502 0.00133092 0.00314465 -0.0209925   0.181957   -0.11828 -0.0318603 -0.819385 -0.199702  -9.77268 
              46.201 -3.51663 -8.44622 -159.123  19.0668  1.88082 -2.08854       0       0 180.013 -0.00163  0.00145  0.00051 -1.33573 -1.35845 0.322473  0.0022745 0.00278381 -0.0210404   0.188032  -0.106547 -0.0302637 -0.817486 -0.193415  -9.77296 
             46.3008 -3.76176 -8.06147 -156.716  18.9429  1.80044 -2.06732       0       0 180.013 -0.00163  0.00145  0.00051 -1.30845 -1.26274 0.307908 0.00285404 0.00255514 -0.0210081    0.19559 -0.0936548 -0.0288658 -0.815167 -0.186434  -9.77329 
             46.4005 -4.03592 -7.98632 -155.391  18.8285  1.81068 -2.05935       0       0 180.013 -0.00163  0.00145  0.00051  -1.17741 -0.854147  0.239268 0.00283383  0.0029548 -0.0205797   0.207404 -0.0678363 -0.0264112 -0.812475 -0.172917  -9.77376 
             46.5003 -3.92309 -7.72784 -155.668   18.703  1.80302 -2.04297       0       0 180.013 -0.00163  0.00145  0.00051  -1.10879 -0.639453  0.215519 0.00240815 0.00296228 -0.0200951    0.21038 -0.0529932 -0.0252216 -0.812884 -0.165713  -9.77385 
             46.6003 -3.84163  -7.8507 -155.566  18.5904  1.79461 -2.02912       0       0 180.013 -0.00163  0.00145  0.00051  -1.06584 -0.518015  0.190129   0.002011 0.00303253  -0.019524   0.214374 -0.0420016 -0.0242682 -0.812466 -0.160257  -9.77398 
             46.7003 -3.73206 -8.00421 -154.439  18.4862  1.84721 -2.02618       0       0 180.013 -0.00163  0.00145  0.00051 -1.02609 -0.25336 0.150867 0.00117194 0.00321985  -0.019046    0.22317 -0.0211653  -0.022371 -0.811206 -0.149896  -9.77425 
             46.8003 -3.48477 -8.02717 -154.107  18.3996  1.89341 -2.01837       0       0 180.013 -0.00163  0.00145  0.00051  -0.944734 -0.0643002   0.150344 0.000772464  0.00320257  -0.0182684    0.232856 -0.00744848    -0.02178 -0.808681 -0.142648  -9.77457 
             46.9003 -3.85467 -8.07235 -154.339  18.3161  1.91807 -2.00982       0       0 180.013 -0.00163  0.00145  0.00051    -0.87677 -0.00166412    0.139559 0.000836442  0.00311441  -0.0176029    0.239044 -0.00120322  -0.0212388 -0.806783 -0.139147  -9.77477 
             47.0002 -3.61884 -8.13984 -154.734  18.2182  1.90052 -2.01698       0       0 180.013 -0.00163  0.00145  0.00051  -0.900611 -0.0949848   0.074821 0.000734598  0.00307204  -0.0169375    0.235399 -0.00368919  -0.0175645 -0.808143 -0.140676  -9.77464 
             47.1002 -3.46221 -8.07397 -154.574 18.1219 1.87625 -2.0137       0       0 180.013 -0.00163  0.00145  0.00051 -0.882997 -0.172285 0.0652114 0.000652642  0.00298497  -0.0168745    0.231809 -0.00588825  -0.0164158 -0.809438 -0.142067  -9.77451 
             47.2002 -3.43628 -8.14621 -154.358  18.0255  1.85135 -2.01279       0       0 180.013 -0.00163  0.00145  0.00051 -0.893724 -0.223794  0.059264 0.000554152  0.00306257  -0.0167982   0.229028 -0.0065287 -0.0150775 -0.810576 -0.142683  -9.77441 
             47.3003 -3.27907 -8.11328 -154.657 17.9371 1.81867 -2.0045       0       0 180.013 -0.00163  0.00145  0.00051 -0.860958 -0.308636 0.0667861 0.000386716  0.00307545  -0.0164261    0.227991 -0.00808391  -0.0154884 -0.810815 -0.143469  -9.77438 
             47.4003 -3.07638 -8.04713 -154.551  17.8448  1.77661 -1.99465       0       0 180.013 -0.00163  0.00145  0.00051 -0.843982 -0.384153 0.0685427 0.000215973  0.00334067   -0.016015    0.223925 -0.00896979   -0.015827 -0.812402 -0.144334  -9.77423 
             47.5003 -3.03471 -8.10946 -154.625   17.751  1.73659 -1.99485       0       0 180.013 -0.00163  0.00145  0.00051 -0.831317 -0.445996 0.0487151 0.000296603  0.00359306  -0.0156643    0.220763 -0.00780631  -0.0138155   -0.8139 -0.144231  -9.77411 
             47.6002 -2.98912 -8.15554 -154.619  17.6467  1.70088 -1.99294       0       0 180.013 -0.00163  0.00145  0.00051 -0.838759 -0.408996 0.0404346 0.000695714  0.00393071  -0.0153982    0.216357 -0.00343839  -0.0124765 -0.816251 -0.142952  -9.77393 
             47.7001 -2.74529 -8.13707 -154.809  17.5377  1.65301 -1.99932       0       0 180.013 -0.00163  0.00145  0.00051 -0.891053 -0.411355 0.0257237 0.000638548  0.00428043  -0.0152594    0.210582 -0.00254769  -0.0096848  -0.81877 -0.143279  -9.77372 
             47.8001 -2.64152 -8.27601 -154.858  17.4394  1.60452 -2.00287       0       0 180.013 -0.00163  0.00145  0.00051  -0.921778  -0.419917 0.00434759 0.000436133  0.00436547  -0.0155757    0.208061 -0.00346727 -0.00833419 -0.819713 -0.143952  -9.77363 
             47.9001 -1.90647 -8.15674 -154.754  17.3396  1.55273 -2.00493       0       0 180.013 -0.00163  0.00145  0.00051   -0.945466   -0.449656 -0.00683941 -0.000247188    0.0042182   -0.0162911    0.204674 -0.00487947 -0.00751256 -0.820924 -0.144914  -9.77351 
             48.0002 -1.97309 -8.17084 -154.555  17.2185   1.5091 -1.98888       0       0 180.013 -0.00163  0.00145  0.00051  -1.06439 -0.414762 0.0541256 -3.40389e-05   0.00441251   -0.0168606     0.19719 -0.00210619  -0.0100894 -0.824144 -0.144643  -9.77325 
             48.1003 -2.18267 -8.06483 -154.836 17.1022 1.47296 -1.9531       0       0 180.013 -0.00163  0.00145  0.00051  -1.08312 -0.376121  0.114034 0.000302424   0.0044974  -0.0171656    0.193804 0.000688686   -0.016736 -0.825639 -0.143874  -9.77313 
             48.2004 -2.19594  -7.9884 -154.941  16.9799  1.43272 -1.92591       0       0 180.013 -0.00163  0.00145  0.00051  -1.09716 -0.388862  0.144146 0.000462746  0.00496738   -0.017696   0.188394 0.00270717 -0.0198379 -0.827913  -0.14366  -9.77294 
             48.3003 -2.12952 -7.99052  -154.82  16.8516   1.3851 -1.89163       0       0 180.013 -0.00163  0.00145  0.00051  -1.12174 -0.428544  0.179444 0.000395899  0.00549176  -0.0181281   0.180899 0.00387334 -0.0239497 -0.830874 -0.144003  -9.77269 
             48.4003 -2.26408 -7.93064 -154.646  16.7273  1.33643 -1.86432       0       0 180.013 -0.00163  0.00145  0.00051   -1.0968 -0.470125  0.211734 0.000612187  0.00589041  -0.0182748   0.175504 0.00487181 -0.0251419 -0.833046   -0.1442   -9.7725 
             48.5002  -2.528 -8.0438 -154.76  16.6064  1.29703 -1.84429       0       0 180.013 -0.00163  0.00145  0.00051  -1.08567 -0.439997  0.198533 0.000973945  0.00616707   -0.018256   0.172941 0.00809192 -0.0246027 -0.834388 -0.143242   -9.7724 
             48.6001 -2.68467 -8.02592 -154.796  16.4807  1.25484 -1.84125       0       0 180.013 -0.00163  0.00145  0.00051  -1.12184 -0.454413  0.163156 0.00121316 0.00630055 -0.0185865   0.169322  0.0109365 -0.0198362 -0.836164 -0.142584  -9.77226 
                48.7 -2.34989 -7.97436 -154.594  16.3466  1.19743 -1.84122       0       0 180.013 -0.00163  0.00145  0.00051   -1.1253 -0.495326  0.108377 0.000902468  0.00666509  -0.0191841   0.161821  0.0109357 -0.0148006 -0.839097 -0.143436  -9.77199 
                48.8 -2.22381 -7.96223 -154.282  16.2183  1.14231 -1.83702       0       0 180.013 -0.00163  0.00145  0.00051  -1.14089 -0.515424  0.102804 0.00083556 0.00692159 -0.0197594   0.156288  0.0114179 -0.0121152 -0.841277  -0.14387   -9.7718 
             48.8999 -2.18327 -7.94097 -153.839  16.0935  1.09293 -1.82372       0       0 180.013 -0.00163  0.00145  0.00051  -1.11668 -0.499836 0.0904556 0.000846605  0.00706499  -0.0203292    0.15207  0.0136656 -0.0124646 -0.843082 -0.143481  -9.77165 
                  49 -2.05183 -7.99431 -153.596  15.9749  1.04402 -1.80617       0       0 180.013 -0.00163  0.00145  0.00051  -1.11729 -0.497633  0.101721 0.00076048 0.00713666 -0.0203845   0.149399  0.0150684 -0.0140791  -0.84419 -0.143237  -9.77156 
             49.1001 -2.22367  -7.9657 -153.591  15.8517 0.995388 -1.79505       0       0 180.013 -0.00163  0.00145  0.00051  -1.11352 -0.484093  0.123122 0.00107823 0.00702149 -0.0201166   0.145713  0.0175625 -0.0133907 -0.845826  -0.14272  -9.77142 
             49.2002 -2.24878  -7.9612 -154.184  15.7358 0.953172 -1.79094       0       0 180.013 -0.00163  0.00145  0.00051  -1.09769 -0.455145 0.0767881 0.00122743 0.00694295 -0.0195283   0.144842  0.0199725 -0.0110109 -0.846447 -0.141948  -9.77138 
             49.3002  -2.2127 -7.89466 -154.235  15.6014 0.910508 -1.78941       0       0 180.013 -0.00163  0.00145  0.00051  -1.18096 -0.477278 0.0627369 0.00110573 0.00664272 -0.0197111    0.138475   0.0246848 -0.00801649 -0.849321 -0.140947  -9.77114 
             49.4002  -2.1862 -7.62223 -154.245  15.4725 0.862041 -1.77799       0       0 180.013 -0.00163  0.00145  0.00051  -1.18639 -0.499682 0.0671542 0.00113689 0.00638491 -0.0196076    0.134215   0.0271908 -0.00894189 -0.851112 -0.140494    -9.771 
                49.5 -2.19896 -7.63981 -154.002  15.3348 0.804943 -1.74971       0       0 180.013 -0.00163  0.00145  0.00051 -1.18132 -0.54139 0.111247 0.00113757 0.00640232 -0.0197582   0.125653  0.0296615 -0.0143374 -0.854356 -0.140486  -9.77071 
                49.6  -2.3381 -7.60211 -153.519  15.2002 0.744628 -1.72628       0       0 180.013 -0.00163  0.00145  0.00051  -1.16272 -0.585761  0.137218 0.00118343  0.0063526 -0.0200358   0.118751  0.0315157 -0.0172452 -0.856968  -0.14054  -9.77048 
             49.7001 -2.58096 -7.68466 -153.545  15.0754 0.690664  -1.7116       0       0 180.013 -0.00163  0.00145  0.00051  -1.13415 -0.550004  0.138424 0.00131728 0.00650049 -0.0194861   0.115352  0.0343434 -0.0171492 -0.858474 -0.139895  -9.77036 
             49.8001  -2.6511 -7.72263 -153.737  14.9566 0.641463 -1.69286       0       0 180.013 -0.00163  0.00145  0.00051  -1.09768 -0.534296  0.142849 0.00128953 0.00646375 -0.0188628   0.113455  0.0380821 -0.0184198 -0.859517 -0.138764  -9.77028 
             49.9001 -2.41873 -7.83707 -153.775  14.8332 0.585024 -1.67027       0       0 180.013 -0.00163  0.00145  0.00051  -1.13902 -0.551569  0.185497 0.00110606 0.00641055 -0.0184881   0.108616  0.0399192 -0.0200785 -0.861381 -0.138626  -9.77012 
                  50  -2.6361 -7.98678 -153.707  14.6928 0.522642 -1.64717       0       0 180.013 -0.00163  0.00145  0.00051  -1.22739 -0.586047  0.196777 0.00130515 0.00614875 -0.0183541  0.0992016  0.0425779 -0.0205204 -0.864934 -0.138701  -9.76981 
                50.1 -2.45883 -8.01167 -153.632  14.5514 0.460571 -1.62569       0       0 180.013 -0.00163  0.00145  0.00051  -1.24256 -0.587786  0.211362 0.00103248 0.00578226 -0.0185867  0.0928317  0.0449083 -0.0203242 -0.867386  -0.13857  -9.76959 
                50.2 -2.64665  -7.9836 -153.466  14.4073 0.403954 -1.60055       0       0 180.013 -0.00163  0.00145  0.00051  -1.29738 -0.617189  0.209581 0.00116418 0.00554563 -0.0187811  0.0872936  0.0491478 -0.0212078 -0.869718 -0.137684   -9.7694 
                50.3 -2.79331 -7.82399  -153.31  14.2681 0.345389 -1.57821       0       0 180.013 -0.00163  0.00145  0.00051   -1.2961 -0.604682  0.194779 0.00124154 0.00531777 -0.0187866  0.0842555  0.0517929 -0.0213078 -0.871028 -0.137093  -9.76929 
             50.3999 -2.87187 -7.86823 -153.121  14.1264 0.284556 -1.55904       0       0 180.013 -0.00163  0.00145  0.00051  -1.32157 -0.652227   0.20198 0.00129999 0.00528815  -0.018916  0.0809823  0.0543036 -0.0203461 -0.872414 -0.136584  -9.76917 
             50.4999   -2.474 -7.68011 -152.548  13.9804 0.215259  -1.5443       0       0 180.013 -0.00163  0.00145  0.00051  -1.32795 -0.672052  0.178399 0.000826731  0.00522697  -0.0193377  0.0756767  0.0554242 -0.0181202 -0.874357 -0.136772    -9.769 
             50.5999  -2.8496 -7.70315 -152.075  13.8429 0.153722 -1.52642       0       0 180.013 -0.00163  0.00145  0.00051  -1.24041 -0.654705  0.185699 0.00106572  0.0052891 -0.0194042 0.0737909 0.0588816 -0.017598 -0.875354 -0.135809  -9.76892 
             50.7001 -2.90588  -7.9035 -152.134  13.7115 0.093812 -1.50211       0       0 180.013 -0.00163  0.00145  0.00051   -1.2052 -0.652638  0.206345 0.00107017 0.00552375  -0.019026  0.0714578  0.0622556 -0.0188972  -0.87646 -0.134924  -9.76883 
             50.8002 -3.07274 -8.04314 -152.538    13.581 0.0345882  -1.47403       0       0 180.013 -0.00163  0.00145  0.00051  -1.21962 -0.664798  0.214085 0.00128474  0.0054529 -0.0183532  0.0685711  0.0661589 -0.0209271 -0.877791 -0.133931  -9.76873 
             50.9003 -3.19976 -8.11873  -153.23    13.4491 -0.0206333    -1.4519       0       0 180.013 -0.00163  0.00145  0.00051  -1.27065 -0.666524  0.242116 0.00156579 0.00532345 -0.0173026  0.0674584  0.0711374 -0.0209766 -0.878679 -0.132416  -9.76867 
             51.0002 -3.35482 -7.95009 -153.903    13.3029 -0.0851793   -1.43577       0       0 180.013 -0.00163  0.00145  0.00051     -1.32 -0.684757  0.207547 0.00166252 0.00501934 -0.0165679 0.0626479 0.0748894 -0.018611 -0.880672 -0.131716   -9.7685 
                51.1 -3.15945  -7.8083 -154.317    13.152 -0.151272  -1.42068       0       0 180.013 -0.00163  0.00145  0.00051 -1.34041 -0.68971 0.183576 0.00144443  0.0048758  -0.016273  0.0572387  0.0784053 -0.0164181 -0.882815  -0.13115  -9.76831 
             51.1997 -3.06469  -7.7842 -154.363   13.0005 -0.219631  -1.41059       0       0 180.013 -0.00163  0.00145  0.00051  -1.35886 -0.700594  0.156662   0.001236 0.00493439  -0.016466  0.0522858  0.0813266 -0.0135565 -0.884744  -0.13072  -9.76814 
             51.2995 -3.16428 -7.63405 -153.932   12.8546 -0.290758  -1.40645       0       0 180.013 -0.00163  0.00145  0.00051  -1.32905 -0.721894  0.151962 0.00125741  0.0049055 -0.0168482   0.0483941   0.0829095 -0.00952366 -0.886207 -0.130607  -9.76801 
             51.3992 -2.95223 -7.88202 -153.001   12.7112 -0.362111  -1.40031       0       0 180.013 -0.00163  0.00145  0.00051  -1.33638 -0.765233   0.12804 0.000891787  0.00500609  -0.0176186   0.0453482    0.084767 -0.00699985 -0.887393 -0.130312  -9.76791 
             51.4992 -3.00462  -8.0224 -151.611   12.5605 -0.445422  -1.38201       0       0 180.013 -0.00163  0.00145  0.00051  -1.34245 -0.818332  0.116701 0.000753601   0.0048769  -0.0184884   0.0398034   0.0862259 -0.00817643 -0.889268  -0.13038  -9.76774 
             51.5995  -3.3205 -7.91614 -151.334   12.4197 -0.519139  -1.35771       0       0 180.013 -0.00163  0.00145  0.00051  -1.30092 -0.778611  0.156367 0.000787685  0.00477783  -0.0184399  0.0376305  0.0896714 -0.0109104  -0.89024 -0.129497  -9.76766 
             51.6999 -3.22494 -7.96721 -151.746   12.2805 -0.590446  -1.34096       0       0 180.013 -0.00163  0.00145  0.00051  -1.30698 -0.793928  0.162659 0.000450756  0.00473198   -0.018254  0.0355146  0.0933164 -0.0108946 -0.891258 -0.128572  -9.76758 
